ID,LocalDate,LocalTime,GMTDate,GMTTime,lat,long,Temperature,Speed,Direction,Altitude,Cov,HDOP,Distance,Count
1SAT32,2011-10-26,07:40:35 AM,2011-10-25,11:40:35 PM,5.437206,118.111301,24.5,0.24,0,16.7c,0,1.64,0,1
2SAT32,2011-10-26,03:41:35 PM,2011-10-26,07:41:35 AM,5.433402,118.108162,29,0.76,0,65.4c,0,1.74,548,2
3SAT32,2011-10-26,11:40:35 PM,2011-10-26,03:40:35 PM,5.433734,118.108599,27,0.86,0,d72.3,0,2.18,61,3
4SAT32,2011-10-27,11:40:34 PM,2011-10-27,03:40:34 PM,5.455738,118.18364,28,0.16,0,43.3c,0,1.89,8669,4
5SAT32,2011-10-28,07:42:53 AM,2011-10-27,11:42:53 PM,5.456503,118.187684,27.5,1.46,0,25.0c,1,2.5,456,5
6SAT32,2011-10-28,03:41:05 PM,2011-10-28,07:41:05 AM,5.483344,118.232541,33.5,0.06,0,40.8c,5,1.45,5800,6
7SAT32,2011-10-28,03:41:05 PM,2011-10-28,07:41:05 AM,5.483344,118.232541,33.5,0.06,0,40.8c,5,1.45,0,7
8SAT32,2011-10-28,03:41:05 PM,2011-10-28,07:41:05 AM,5.483344,118.232541,33.5,0.06,0,40.8c,5,1.45,0,8
9SAT32,2011-10-28,07:40:34 PM,2011-10-28,11:40:34 AM,5.479701,118.243606,29,0.14,0,13.8c,4,0.95,1291,9
10SAT32,2011-10-28,07:40:34 PM,2011-10-28,11:40:34 AM,5.479701,118.243606,29,0.14,0,13.8c,5,0.95,0,10
11SAT32,2011-10-28,11:42:05 PM,2011-10-28,03:42:05 PM,5.483136,118.238404,29,0.02,0,13.9c,0,1.68,692,11
12SAT32,2011-10-29,03:41:53 AM,2011-10-28,07:41:53 PM,5.485262,118.238149,28,0.04,0,18.7c,1,1.63,238,12
13SAT32,2011-10-29,07:41:23 AM,2011-10-28,11:41:23 PM,5.485783,118.238965,28,0.42,0,d12.0,0,2.67,107,13
14SAT32,2011-10-29,07:41:53 PM,2011-10-29,11:41:53 AM,5.472221,118.262163,28.5,0.72,0,11.9c,0,2.11,2981,14
15SAT32,2011-10-29,11:43:01 PM,2011-10-29,03:43:01 PM,5.474822,118.268781,28.5,0.72,0,1.5cd,0,2.96,788,15
16SAT32,2011-10-30,03:40:34 AM,2011-10-29,07:40:34 PM,5.477374,118.265969,27,0.82,0,7.1cd,2,2.09,422,16
17SAT32,2011-10-30,07:41:05 AM,2011-10-29,11:41:05 PM,5.481323,118.263914,27,1,0,3.2cd,0,1.85,495,17
18SAT32,2011-10-30,07:41:05 AM,2011-10-29,11:41:05 PM,5.481323,118.263914,27,1.02,0,3.2cd,3,1.85,0,18
19SAT32,2011-10-30,11:40:58 AM,2011-10-30,03:40:58 AM,5.484679,118.259586,31.5,0.65,0,17.6c,1,1.74,608,19
20SAT32,2011-10-30,07:40:34 PM,2011-10-30,11:40:34 AM,5.490855,118.271538,28,0.52,0,9.0cd,5,1.79,1492,20
21SAT32,2011-10-30,11:40:34 PM,2011-10-30,03:40:34 PM,5.491267,118.271123,27,0.88,0,18.9c,5,1.04,65,21
22SAT32,2011-10-31,03:40:34 AM,2011-10-30,07:40:34 PM,5.491361,118.270082,26.5,0.25,0,10.5c,5,1.4,116,22
23SAT32,2011-10-31,07:40:34 AM,2011-10-30,11:40:34 PM,5.49392,118.268887,27.5,0.21,0,23.9c,1,1.89,314,23
24SAT32,2011-10-31,11:41:05 AM,2011-10-31,03:41:05 AM,5.495374,118.268407,31,0.21,0,27.1c,0,1.52,170,24
25SAT32,2011-10-31,03:40:34 PM,2011-10-31,07:40:34 AM,5.483728,118.282755,31.5,1.11,0,10.6c,5,1.42,2051,25
26SAT32,2011-10-31,07:40:34 PM,2011-10-31,11:40:34 AM,5.491247,118.289564,30,0.58,0,9.9cd,5,1.17,1127,26
27SAT32,2011-10-31,11:40:34 PM,2011-10-31,03:40:34 PM,5.490913,118.293255,28.5,0.79,0,21.3c,5,1.77,411,27
28SAT32,2011-11-01,03:40:53 AM,2011-10-31,07:40:53 PM,5.49026,118.292553,28,0.1,0,55.1c,0,3.08,106,28
29SAT32,2011-11-01,07:41:05 AM,2011-10-31,11:41:05 PM,5.490226,118.29154,28,0.47,0,3.7cd,0,5.96,112,29
30SAT32,2011-11-01,11:40:59 AM,2011-11-01,03:40:59 AM,5.487352,118.292112,31.5,0.17,0,23.1c,5,1.63,326,30
31SAT32,2011-11-01,03:40:34 PM,2011-11-01,07:40:34 AM,5.491748,118.290202,32,0.26,0,14.6c,5,0.85,533,31
32SAT32,2011-11-01,07:40:34 PM,2011-11-01,11:40:34 AM,5.493246,118.2897,29.5,0.06,0,28.6c,5,1.63,176,32
33SAT32,2011-11-01,11:40:34 PM,2011-11-01,03:40:34 PM,5.490522,118.291283,28.5,0.4,0,14.4c,0,1.57,350,33
34SAT32,2011-11-02,03:41:25 AM,2011-11-01,07:41:25 PM,5.486871,118.290169,28,0.2,0,5.1cd,5,1.79,425,34
35SAT32,2011-11-02,07:40:34 AM,2011-11-01,11:40:34 PM,5.490425,118.292153,28.5,0.7,0,15.5c,5,1.43,453,35
36SAT32,2011-11-02,11:41:37 AM,2011-11-02,03:41:37 AM,5.491049,118.292068,31.5,0.97,0,17.5c,4,2.68,70,36
37SAT32,2011-11-02,03:40:34 PM,2011-11-02,07:40:34 AM,5.491961,118.289974,32.5,0.27,0,18.0c,5,0.89,253,37
38SAT32,2011-11-02,07:40:34 PM,2011-11-02,11:40:34 AM,5.493268,118.289256,29.5,0.27,0,15.6c,5,1.13,166,38
39SAT32,2011-11-02,11:40:34 PM,2011-11-02,03:40:34 PM,5.49423,118.29092,28.5,0.96,0,17.7c,4,1.98,213,39
40SAT32,2011-11-03,03:40:52 AM,2011-11-02,07:40:52 PM,5.493441,118.291372,28,0.4,0,4.1cd,0,1.4,101,40
41SAT32,2011-11-03,07:40:34 AM,2011-11-02,11:40:34 PM,5.494131,118.290906,28.5,0.3,0,3.1cd,0,1.35,93,41
42SAT32,2011-11-03,11:41:04 AM,2011-11-03,03:41:04 AM,5.492699,118.291802,32.5,0.6,0,11.9c,0,2.59,188,42
43SAT32,2011-11-03,03:41:00 PM,2011-11-03,07:41:00 AM,5.493913,118.290826,31.5,0.7,0,6.5cd,5,2.47,173,43
44SAT32,2011-11-03,07:40:34 PM,2011-11-03,11:40:34 AM,5.492059,118.289987,28.5,2.1,0,18.9c,5,1.33,226,44
45SAT32,2011-11-04,03:41:08 AM,2011-11-03,07:41:08 PM,5.512949,118.307418,28,0.62,0,26.1c,3,1.91,3023,45
46SAT32,2011-11-04,11:42:06 AM,2011-11-04,03:42:06 AM,5.523949,118.313021,31.5,0.82,0,21.8c,2,1.81,1373,46
47SAT32,2011-11-04,07:41:41 PM,2011-11-04,11:41:41 AM,5.555484,118.3275,30,0.42,0,343.4,2,2.38,3860,47
48SAT32,2011-11-04,11:40:34 PM,2011-11-04,03:40:34 PM,5.55833,118.332324,28.5,0.17,0,15.8c,3,1.2,621,48
49SAT32,2011-11-04,11:40:34 PM,2011-11-04,03:40:34 PM,5.55833,118.332324,28.5,0.1,0,15.8c,3,1.2,0,49
50SAT32,2011-11-05,03:40:35 AM,2011-11-04,07:40:35 PM,5.55985,118.334862,28.5,0.6,0,38.2c,0,1.27,328,50
51SAT32,2011-11-05,03:40:35 AM,2011-11-04,07:40:35 PM,5.55985,118.334862,28.5,0.67,0,38.2c,0,1.27,0,51
52SAT32,2011-11-05,07:42:23 AM,2011-11-04,11:42:23 PM,5.559727,118.33587,28.5,0.1,0,36.0c,2,2.14,113,52
53SAT32,2011-11-05,07:42:23 AM,2011-11-04,11:42:23 PM,5.559727,118.33587,28.5,0.17,0,36.0c,2,2.14,0,53
54SAT32,2011-11-05,11:41:06 AM,2011-11-05,03:41:06 AM,5.55996,118.337559,31.5,0.2,0,14.0c,4,2.33,189,54
55SAT32,2011-11-05,11:41:06 AM,2011-11-05,03:41:06 AM,5.55996,118.337559,31.5,0.27,0,14.0c,4,2.33,0,55
56SAT32,2011-11-05,11:41:06 AM,2011-11-05,03:41:06 AM,5.55996,118.337559,31.5,0.2,0,14.0c,5,2.33,0,56
57SAT32,2011-11-05,07:40:34 PM,2011-11-05,11:40:34 AM,5.596937,118.32162,27.5,0.57,0,23.3c,3,1.32,4479,57
58SAT32,2011-11-05,11:40:34 PM,2011-11-05,03:40:34 PM,5.60284,118.324202,27.5,0.06,0,18.3c,5,1.05,717,58
59SAT32,2011-11-06,03:40:34 AM,2011-11-05,07:40:34 PM,5.602083,118.324032,27.5,0.21,0,6.8cd,5,1.05,86,59
60SAT32,2011-11-06,07:41:05 AM,2011-11-05,11:41:05 PM,5.60173,118.323141,28,0.41,0,15.2c,0,2.6,106,60
61SAT32,2011-11-06,11:41:07 AM,2011-11-06,03:41:07 AM,5.600667,118.322722,30,0.31,0,10.3c,0,2.19,127,61
62SAT32,2011-11-06,03:40:34 PM,2011-11-06,07:40:34 AM,5.603418,118.324131,34.5,0.21,0,17.3c,5,2.23,344,62
63SAT32,2011-11-06,07:40:34 PM,2011-11-06,11:40:34 AM,5.604285,118.325226,29.5,0.35,0,4.1cd,5,1.3,155,63
64SAT32,2011-11-06,11:40:34 PM,2011-11-06,03:40:34 PM,5.607996,118.330285,28.5,0.29,0,10.2c,5,1.5,696,64
65SAT32,2011-11-07,03:40:34 AM,2011-11-06,07:40:34 PM,5.610753,118.334856,28,0.1,0,6.8cd,5,1.2,592,65
66SAT32,2011-11-07,07:40:34 AM,2011-11-06,11:40:34 PM,5.610928,118.335832,28,0.28,0,20.9c,5,1.4,110,66
67SAT32,2011-11-07,11:41:07 AM,2011-11-07,03:41:07 AM,5.603775,118.336328,29.5,3.08,0,17.6c,2,12,798,67
68SAT32,2011-11-07,07:44:12 PM,2011-11-07,11:44:12 AM,5.620862,118.357121,29.5,2.01,0,d49.0,3,1.88,2987,68
69SAT32,2011-11-07,11:40:34 PM,2011-11-07,03:40:34 PM,5.62186,118.363039,29,0.84,0,24.1c,0,2.15,665,69
70SAT32,2011-11-08,03:40:34 AM,2011-11-07,07:40:34 PM,5.623708,118.361708,28.5,0.24,0,d25.9,4,4.44,253,70
71SAT32,2011-11-08,07:41:08 AM,2011-11-07,11:41:08 PM,5.62308,118.359995,29,0.68,0,2.8cd,5,8.06,202,71
72SAT32,2011-11-08,11:41:05 AM,2011-11-08,03:41:05 AM,5.622664,118.360972,34,0.15,0,14.4c,2,1.31,118,72
73SAT32,2011-11-08,03:40:34 PM,2011-11-08,07:40:34 AM,5.621548,118.362603,31.5,0.15,0,4.9cd,4,1.4,219,73
74SAT32,2011-11-08,11:40:34 PM,2011-11-08,03:40:34 PM,5.645104,118.367936,28,1.56,0,13.3c,1,1.31,2688,74
75SAT32,2011-11-09,03:40:34 AM,2011-11-08,07:40:34 PM,5.644734,118.36589,27,0.26,0,10.9c,4,1.05,230,75
76SAT32,2011-11-09,07:41:23 AM,2011-11-08,11:41:23 PM,5.643448,118.365362,27,0.23,0,0.2cd,0,1.8,155,76
77SAT32,2011-11-09,11:41:10 AM,2011-11-09,03:41:10 AM,5.627544,118.372488,31.5,0.33,0,15.6c,0,2.16,1938,77
78SAT32,2011-11-09,03:40:34 PM,2011-11-09,07:40:34 AM,5.622172,118.367871,31.5,0.53,0,4.1cd,5,1.77,787,78
79SAT32,2011-11-09,07:42:30 PM,2011-11-09,11:42:30 AM,5.612019,118.350417,30,0.81,0,21.8c,3,1.76,2240,79
80SAT32,2011-11-09,11:40:34 PM,2011-11-09,03:40:34 PM,5.609287,118.351965,29,0.21,0,21.7c,5,1.38,349,80
81SAT32,2011-11-10,03:40:34 AM,2011-11-09,07:40:34 PM,5.611835,118.350824,28.5,0.29,0,16.9c,3,1.19,311,81
82SAT32,2011-11-10,07:40:34 AM,2011-11-09,11:40:34 PM,5.611817,118.351587,28.5,0.12,0,5.5cd,2,1.8,85,82
83SAT32,2011-11-10,11:44:13 AM,2011-11-10,03:44:13 AM,5.605957,118.351536,32,1.59,0,d15.6,5,1.79,652,83
84SAT32,2011-11-10,03:41:35 PM,2011-11-10,07:41:35 AM,5.592659,118.344623,32.5,0.86,0,38.1c,4,1.6,1667,84
85SAT32,2011-11-10,07:40:34 PM,2011-11-10,11:40:34 AM,5.586626,118.329985,-35.5,0.17,0,18.5c,5,1,1755,85
86SAT32,2011-11-11,03:40:34 AM,2011-11-10,07:40:34 PM,5.597466,118.338062,27.5,0.07,0,7.3cd,3,1.48,1502,86
87SAT32,2011-11-11,07:41:53 AM,2011-11-10,11:41:53 PM,5.598293,118.335421,27.5,1.5,0,10.9c,3,3.15,307,87
88SAT32,2011-11-11,11:42:24 AM,2011-11-11,03:42:24 AM,5.601346,118.342939,32,0.17,0,d0.4c,0,1.32,900,88
89SAT32,2011-11-11,03:40:34 PM,2011-11-11,07:40:34 AM,5.608052,118.349518,29,0.27,0,18.3c,4,1.11,1043,89
90SAT32,2011-11-11,07:41:31 PM,2011-11-11,11:41:31 AM,5.63938,118.344359,28,0.67,0,47.8c,2,1.67,3534,90
91SAT32,2011-11-11,11:40:34 PM,2011-11-11,03:40:34 PM,5.641303,118.348996,27.5,0.27,0,16.0c,5,0.76,556,91
92SAT32,2011-11-12,03:40:34 AM,2011-11-11,07:40:34 PM,5.645187,118.359446,27.5,0.44,0,15.9c,2,1.81,1236,92
93SAT32,2011-11-12,07:41:41 AM,2011-11-11,11:41:41 PM,5.646181,118.360191,28,0.96,0,d34.6,0,3.87,138,93
94SAT32,2011-11-12,11:40:35 AM,2011-11-12,03:40:35 AM,5.660118,118.371475,31.5,0.16,0,9.9cd,0,1.32,1992,94
95SAT32,2011-11-12,07:41:35 PM,2011-11-12,11:41:35 AM,5.671301,118.391862,30,1.96,0,11.9c,5,2.35,2579,95
96SAT32,2011-11-12,11:41:04 PM,2011-11-12,03:41:04 PM,5.665842,118.403456,28.5,1.14,0,19.7c,0,1.94,1421,96
97SAT32,2011-11-13,03:40:54 AM,2011-11-12,07:40:54 PM,5.665244,118.403019,28.5,0.74,0,23.4c,0,5.55,82,97
98SAT32,2011-11-13,07:41:40 AM,2011-11-12,11:41:40 PM,5.669173,118.402135,28.5,0.24,0,22.1c,2,5.59,448,98
99SAT32,2011-11-13,11:40:36 AM,2011-11-13,03:40:36 AM,5.674,118.393,30,0.54,0,34.3c,3,3.87,1146,99
100SAT32,2011-11-13,03:40:34 PM,2011-11-13,07:40:34 AM,5.676665,118.393313,33,0.24,0,10.6c,4,0.91,299,100
101SAT32,2011-11-13,07:40:34 PM,2011-11-13,11:40:34 AM,5.679592,118.390781,28.5,0.33,0,6.0cd,5,0.9,430,101
102SAT32,2011-11-13,11:40:34 PM,2011-11-13,03:40:34 PM,5.681083,118.390469,27.5,0.03,0,10.2c,5,0.81,170,102
103SAT32,2011-11-14,03:40:34 AM,2011-11-13,07:40:34 PM,5.683758,118.394497,27.5,0.72,0,15.0c,4,0.96,536,103
104SAT32,2011-11-14,07:40:34 AM,2011-11-13,11:40:34 PM,5.684847,118.394828,28,0.16,0,13.2c,5,2.36,127,104
105SAT32,2011-11-14,11:40:34 AM,2011-11-14,03:40:34 AM,5.685885,118.394862,30,0.62,0,18.3c,1,1.47,116,105
106SAT32,2011-11-14,03:41:35 PM,2011-11-14,07:41:35 AM,5.685156,118.395637,32,0.02,0,d11.7,0,1.54,118,106
107SAT32,2011-11-14,07:40:34 PM,2011-11-14,11:40:34 AM,5.685184,118.378546,29,0.42,0,5.3cd,0,1.25,1893,107
108SAT32,2011-11-14,11:40:34 PM,2011-11-14,03:40:34 PM,5.683757,118.382974,28.5,0.82,0,10.3c,0,3.5,516,108
109SAT32,2011-11-15,03:40:34 AM,2011-11-14,07:40:34 PM,5.683193,118.384234,28,0.52,0,11.5c,2,1.2,153,109
110SAT32,2011-11-15,07:42:29 AM,2011-11-14,11:42:29 PM,5.681813,118.380366,28.5,1.01,0,22.9c,0,4.78,455,110
111SAT32,2011-11-15,11:42:02 AM,2011-11-15,03:42:02 AM,5.676242,118.386021,29.5,2.66,0,27.5c,0,2.32,881,111
112SAT32,2011-11-15,03:41:16 PM,2011-11-15,07:41:16 AM,5.679451,118.38166,32,0.16,0,63.1c,0,2.31,601,112
113SAT32,2011-11-15,07:40:34 PM,2011-11-15,11:40:34 AM,5.682381,118.386584,29.5,0.04,0,10.9c,0,1.16,635,113
114SAT32,2011-11-15,11:40:34 PM,2011-11-15,03:40:34 PM,5.684234,118.394562,28,0.28,0,15.3c,3,0.81,907,114
115SAT32,2011-11-16,03:40:34 AM,2011-11-15,07:40:34 PM,5.684518,118.394747,27.5,0.06,0,13.3c,5,1.11,38,115
116SAT32,2011-11-16,07:40:34 AM,2011-11-15,11:40:34 PM,5.684331,118.394217,28.5,0.52,0,2.8cd,4,3.27,62,116
117SAT32,2011-11-16,11:41:00 AM,2011-11-16,03:41:00 AM,5.687624,118.395063,33.5,0.22,0,5.7cd,5,1.89,378,117
118SAT32,2011-11-16,03:40:34 PM,2011-11-16,07:40:34 AM,5.68713,118.395842,36,0.68,0,19.5c,5,0.92,102,118
119SAT32,2011-11-16,07:40:34 PM,2011-11-16,11:40:34 AM,5.686954,118.396323,29.5,0.08,0,4.3cd,2,1.02,57,119
120SAT32,2011-11-16,11:40:34 PM,2011-11-16,03:40:34 PM,5.688062,118.396138,28.5,0.38,0,13.6c,5,0.9,125,120
121SAT32,2011-11-17,03:40:34 AM,2011-11-16,07:40:34 PM,5.68767,118.397057,27,0.07,0,11.2c,5,0.85,111,121
122SAT32,2011-11-17,07:40:34 AM,2011-11-16,11:40:34 PM,5.685312,118.394715,27.5,0.09,0,9.8cd,1,0.98,369,122
123SAT32,2011-11-17,11:40:54 AM,2011-11-17,03:40:54 AM,5.685516,118.394525,32.5,0.49,0,10.0c,3,6.6,31,123
124SAT32,2011-11-17,03:41:04 PM,2011-11-17,07:41:04 AM,5.689044,118.395225,33,0.39,0,14.7c,5,1.31,400,124
125SAT32,2011-11-17,07:40:34 PM,2011-11-17,11:40:34 AM,5.689413,118.396765,29.5,0.39,0,10.4c,5,0.83,176,125
126SAT32,2011-11-17,11:40:34 PM,2011-11-17,03:40:34 PM,5.689487,118.397329,28,0.79,0,14.1c,5,0.9,63,126
127SAT32,2011-11-18,03:40:34 AM,2011-11-17,07:40:34 PM,5.696177,118.389542,28.5,0.21,0,14.2c,4,0.98,1140,127
128SAT32,2011-11-18,07:40:34 AM,2011-11-17,11:40:34 PM,5.699001,118.391223,28.5,2.95,0,3.8cd,5,0.98,365,128
129SAT32,2011-11-18,11:41:05 AM,2011-11-18,03:41:05 AM,5.704493,118.392942,28.5,0.04,0,7.1cd,0,1.49,640,129
130SAT32,2011-11-18,03:40:34 PM,2011-11-18,07:40:34 AM,5.704033,118.394786,-33.5,0.1,0,11.3c,2,1.06,211,130
131SAT32,2011-11-18,07:40:34 PM,2011-11-18,11:40:34 AM,5.706384,118.395558,29,0.55,0,2.5cd,3,1.4,275,131
132SAT32,2011-11-18,11:40:34 PM,2011-11-18,03:40:34 PM,5.706023,118.39621,28,0.55,0,13.1c,3,0.9,83,132
133SAT32,2011-11-19,03:40:34 AM,2011-11-18,07:40:34 PM,5.706847,118.395943,28,0.05,0,13.8c,5,1.24,96,133
134SAT32,2011-11-19,07:40:35 AM,2011-11-18,11:40:35 PM,5.705017,118.394313,29,0.64,0,9.5cd,5,11.1,272,134
135SAT32,2011-11-19,11:40:34 AM,2011-11-19,03:40:34 AM,5.705045,118.393437,32.5,0.5,0,17.3c,4,1.07,97,135
136SAT32,2011-11-19,03:41:37 PM,2011-11-19,07:41:37 AM,5.705194,118.393705,34,0.09,0,39.5c,0,2.35,34,136
137SAT32,2011-11-19,07:40:34 PM,2011-11-19,11:40:34 AM,5.702409,118.39636,29,0.09,0,5.7cd,5,0.72,427,137
138SAT32,2011-11-19,11:40:34 PM,2011-11-19,03:40:34 PM,5.699435,118.395096,27.5,1.22,0,10.8c,5,0.83,359,138
139SAT32,2011-11-20,03:40:34 AM,2011-11-19,07:40:34 PM,5.697078,118.390136,28,0.22,0,12.8c,5,1.05,609,139
140SAT32,2011-11-20,07:40:34 AM,2011-11-19,11:40:34 PM,5.697503,118.389598,28.5,0.93,0,7.1cd,0,1.92,76,140
141SAT32,2011-11-20,11:40:52 AM,2011-11-20,03:40:52 AM,5.698058,118.388827,30,0.33,0,19.5c,0,1.4,105,141
142SAT32,2011-11-20,03:40:34 PM,2011-11-20,07:40:34 AM,5.697174,118.390214,34,1.03,0,4.1cd,5,0.91,182,142
143SAT32,2011-11-20,07:40:34 PM,2011-11-20,11:40:34 AM,5.691972,118.393215,30,0.28,0,9.1cd,5,0.92,668,143
144SAT32,2011-11-20,11:40:34 PM,2011-11-20,03:40:34 PM,5.689783,118.395517,28,0.63,0,7.3cd,5,1.17,353,144
145SAT32,2011-11-21,03:40:34 AM,2011-11-20,07:40:34 PM,5.684637,118.395674,28,0.37,0,7.7cd,0,1.82,573,145
146SAT32,2011-11-21,07:41:05 AM,2011-11-20,11:41:05 PM,5.682375,118.39373,28.5,0.44,0,5.9cd,3,2.37,331,146
147SAT32,2011-11-21,11:40:34 AM,2011-11-21,03:40:34 AM,5.678131,118.391723,31.5,0.64,0,3.7cd,1,1.11,522,147
148SAT32,2011-11-21,03:40:34 PM,2011-11-21,07:40:34 AM,5.678056,118.393013,31.5,0.24,0,7.4cd,0,1.09,143,148
149SAT32,2011-11-21,07:41:35 PM,2011-11-21,11:41:35 AM,5.668096,118.385796,29.5,0.54,0,6.5cd,5,1.36,1367,149
150SAT32,2011-11-21,11:40:34 PM,2011-11-21,03:40:34 PM,5.655055,118.387008,29,0.35,0,12.6c,1,2.57,1458,150
151SAT32,2011-11-22,03:40:34 AM,2011-11-21,07:40:34 PM,5.652922,118.382036,28,0.25,0,22.4c,0,2.03,600,151
152SAT32,2011-11-22,07:42:00 AM,2011-11-21,11:42:00 PM,5.652069,118.38086,28.5,0.05,0,9.6cd,3,3.51,161,152
153SAT32,2011-11-22,11:41:35 AM,2011-11-22,03:41:35 AM,5.651626,118.379813,29.5,0.05,0,15.5c,5,1.88,126,153
154SAT32,2011-11-22,03:40:34 PM,2011-11-22,07:40:34 AM,5.658151,118.370974,29.5,0.11,0,7.0cd,5,1.12,1219,154
155SAT32,2011-11-22,07:43:05 PM,2011-11-22,11:43:05 AM,5.651427,118.371161,29,1.49,0,18.4c,5,1.62,749,155
156SAT32,2011-11-22,11:40:34 PM,2011-11-22,03:40:34 PM,5.647801,118.370508,28.5,0.14,0,11.6c,3,2.65,410,156
157SAT32,2011-11-23,03:40:34 AM,2011-11-22,07:40:34 PM,5.647865,118.370951,28,0.15,0,15.1c,2,1.02,50,157
158SAT32,2011-11-23,07:41:00 AM,2011-11-22,11:41:00 PM,5.647287,118.371538,28,1.87,0,d29.8,1,12.4,91,158
159SAT32,2011-11-23,11:40:34 AM,2011-11-23,03:40:34 AM,5.646937,118.372012,29,0.04,0,26.5c,3,1.65,65,159
160SAT32,2011-11-23,03:40:34 PM,2011-11-23,07:40:34 AM,5.64059,118.359017,31.5,0.38,0,9.0cd,5,0.9,1604,160
161SAT32,2011-11-23,07:41:05 PM,2011-11-23,11:41:05 AM,5.637073,118.367161,30,1.11,83,12.2c,5,1.27,984,161
162SAT32,2011-11-23,11:41:05 PM,2011-11-23,03:41:05 PM,5.634114,118.373519,29,0.03,0,18.2c,4,1.2,778,162
163SAT32,2011-11-24,03:42:35 AM,2011-11-23,07:42:35 PM,5.630882,118.375239,28.5,1.51,0,22.0c,5,6.7,407,163
164SAT32,2011-11-24,07:42:07 AM,2011-11-23,11:42:07 PM,5.630235,118.375864,28.5,0.36,0,17.5c,4,5.04,100,164
165SAT32,2011-11-24,11:40:59 AM,2011-11-24,03:40:59 AM,5.62607,118.374616,31,1.96,0,1.4cd,0,2.17,484,165
166SAT32,2011-11-24,03:41:02 PM,2011-11-24,07:41:02 AM,5.619275,118.363526,28.5,1.05,0,6.0cd,5,7.28,1443,166
167SAT32,2011-11-24,07:40:54 PM,2011-11-24,11:40:54 AM,5.61797,118.361205,29,0.46,0,1.1cd,1,1.6,295,167
168SAT32,2011-11-24,11:40:34 PM,2011-11-24,03:40:34 PM,5.617606,118.360822,28,0.76,0,14.8c,4,1,59,168
169SAT32,2011-11-25,03:40:34 AM,2011-11-24,07:40:34 PM,5.617798,118.361022,28,1.08,0,12.3c,5,1.2,31,169
170SAT32,2011-11-25,07:42:06 AM,2011-11-24,11:42:06 PM,5.612792,118.365517,28.5,0.26,0,d12.0,5,3.52,747,170
171SAT32,2011-11-25,11:41:05 AM,2011-11-25,03:41:05 AM,5.613725,118.36897,31.5,0.09,0,30.7c,4,1.86,396,171
172SAT32,2011-11-25,03:40:34 PM,2011-11-25,07:40:34 AM,5.605059,118.373557,35.5,0.47,0,10.5c,5,1.37,1090,172
173SAT32,2011-11-25,07:40:34 PM,2011-11-25,11:40:34 AM,5.604041,118.374101,30,0.35,0,16.4c,5,1.53,128,173
174SAT32,2011-11-25,11:40:34 PM,2011-11-25,03:40:34 PM,5.606527,118.373451,28.5,0.58,0,9.3cd,5,1.46,286,174
175SAT32,2011-11-26,03:40:34 AM,2011-11-25,07:40:34 PM,5.607598,118.373497,29,1.1,0,19.8c,1,2.28,119,175
176SAT32,2011-11-26,03:40:34 AM,2011-11-25,07:40:34 PM,5.607598,118.373497,29,1.15,0,19.8c,0,2.28,0,176
177SAT32,2011-11-26,11:42:04 AM,2011-11-26,03:42:04 AM,5.618775,118.369693,33,0.25,0,9.1cd,2,2.52,1314,177
178SAT32,2011-11-26,03:40:34 PM,2011-11-26,07:40:34 AM,5.607168,118.373654,31.5,0.43,0,17.7c,5,1.26,1364,178
179SAT32,2011-11-26,07:40:34 PM,2011-11-26,11:40:34 AM,5.602405,118.374979,30,0.24,0,13.1c,0,1.5,550,179
180SAT32,2011-11-26,11:40:59 PM,2011-11-26,03:40:59 PM,5.602797,118.376662,28.5,0.05,0,16.9c,4,1.58,192,180
181SAT32,2011-11-27,03:41:05 AM,2011-11-26,07:41:05 PM,5.603514,118.377408,29,0.24,0,15.5c,2,2.8,115,181
182SAT32,2011-11-27,07:41:54 AM,2011-11-26,11:41:54 PM,5.604806,118.376305,29,0.83,0,22.1c,0,4.71,189,182
183SAT32,2011-11-27,11:41:49 AM,2011-11-27,03:41:49 AM,5.616854,118.349188,32,2.43,0,17.9c,0,13.9,3290,183
184SAT32,2011-11-27,03:41:04 PM,2011-11-27,07:41:04 AM,5.620516,118.352977,32,0.03,0,21.4c,0,0.96,585,184
185SAT32,2011-11-27,07:43:05 PM,2011-11-27,11:43:05 AM,5.615667,118.343115,30.5,0.13,280,20.6c,4,1.77,1219,185
186SAT32,2011-11-27,11:40:34 PM,2011-11-27,03:40:34 PM,5.614714,118.340491,29,0.13,0,15.5c,5,0.9,309,186
187SAT32,2011-11-28,03:40:34 AM,2011-11-27,07:40:34 PM,5.614725,118.339505,28,0.15,0,12.9c,5,0.84,109,187
188SAT32,2011-11-28,07:40:34 AM,2011-11-27,11:40:34 PM,5.612147,118.339204,29,0.78,0,11.4c,5,0.85,289,188
189SAT32,2011-11-28,11:41:04 AM,2011-11-28,03:41:04 AM,5.611767,118.337522,31,0.26,0,16.7c,5,5.23,191,189
190SAT32,2011-11-28,03:40:34 PM,2011-11-28,07:40:34 AM,5.612691,118.336626,31.5,0.39,0,16.1c,3,0.76,143,190
191SAT32,2011-11-28,07:40:34 PM,2011-11-28,11:40:34 AM,5.609536,118.329823,29.5,0.86,0,7.2cd,5,0.96,831,191
192SAT32,2011-11-28,11:40:34 PM,2011-11-28,03:40:34 PM,5.609477,118.331946,29,0.22,0,14.9c,5,1.39,235,192
193SAT32,2011-11-29,03:41:25 AM,2011-11-28,07:41:25 PM,5.607604,118.333118,29,0.57,0,16.4c,4,17.9,246,193
194SAT32,2011-11-29,07:40:34 AM,2011-11-28,11:40:34 PM,5.606282,118.336142,28.5,0.44,0,45.7c,0,3.63,366,194
195SAT32,2011-11-29,11:41:59 AM,2011-11-29,03:41:59 AM,5.606521,118.336228,31.5,1.04,0,45.7c,3,1.61,28,195
196SAT32,2011-11-29,03:42:05 PM,2011-11-29,07:42:05 AM,5.607855,118.330935,29.5,0.77,0,18.5c,1,1.34,605,196
197SAT32,2011-11-29,07:41:35 PM,2011-11-29,11:41:35 AM,5.60463,118.325649,29,2.04,343,81.8c,4,12.7,687,197
198SAT32,2011-11-29,11:40:34 PM,2011-11-29,03:40:34 PM,5.606066,118.325357,28,0.34,0,14.5c,1,1.38,163,198
199SAT32,2011-11-30,03:40:34 AM,2011-11-29,07:40:34 PM,5.606718,118.327137,28,0.34,0,13.0c,5,2.26,210,199
200SAT32,2011-11-30,07:43:31 AM,2011-11-29,11:43:31 PM,5.60622,118.332324,28.5,1.09,0,26.6c,0,4.6,577,200
201SAT32,2011-11-30,11:40:34 AM,2011-11-30,03:40:34 AM,5.606407,118.336215,30,0.78,0,34.5c,0,1.59,432,201
202SAT32,2011-11-30,07:40:56 PM,2011-11-30,11:40:56 AM,5.607136,118.327639,28.5,0.49,0,4.8cd,3,9.7,954,202
203SAT32,2011-11-30,11:42:29 PM,2011-11-30,03:42:29 PM,5.590963,118.324856,28.5,0.39,0,30.4c,0,1.67,1827,203
204SAT32,2011-12-01,03:40:34 AM,2011-11-30,07:40:34 PM,5.58585,118.321161,27.5,0.19,0,11.7c,5,0.87,701,204
205SAT32,2011-12-01,07:40:56 AM,2011-11-30,11:40:56 PM,5.579856,118.309376,28,0.49,0,8.7cd,0,5.5,1466,205
206SAT32,2011-12-01,11:40:58 AM,2011-12-01,03:40:58 AM,5.578423,118.307639,30,0.5,0,20.1c,0,1.57,250,206
207SAT32,2011-12-01,03:42:37 PM,2011-12-01,07:42:37 AM,5.580485,118.309771,30.5,1.09,0,7.1cd,0,3.47,329,207
208SAT32,2011-12-01,07:43:13 PM,2011-12-01,11:43:13 AM,5.581118,118.314383,29.5,0.39,0,38.9c,0,3.07,516,208
209SAT32,2011-12-01,11:40:34 PM,2011-12-01,03:40:34 PM,5.580312,118.313839,27.5,0.19,0,15.6c,5,0.94,108,209
210SAT32,2011-12-02,03:40:34 AM,2011-12-01,07:40:34 PM,5.579299,118.313198,27.5,0.5,0,12.2c,5,1.1,133,210
211SAT32,2011-12-02,07:41:04 AM,2011-12-01,11:41:04 PM,5.577909,118.306111,28,0.1,0,16.2c,0,3.68,800,211
212SAT32,2011-12-02,11:40:36 AM,2011-12-02,03:40:36 AM,5.576366,118.306106,30.5,0.8,0,1.9cd,0,3.86,172,212
213SAT32,2011-12-02,07:40:34 PM,2011-12-02,11:40:34 AM,5.585538,118.320342,30,0.4,0,10.5c,2,0.86,1879,213
214SAT32,2011-12-02,11:41:23 PM,2011-12-02,03:41:23 PM,5.584034,118.317659,29,0.65,0,15.1c,0,3.35,341,214
215SAT32,2011-12-03,03:40:34 AM,2011-12-02,07:40:34 PM,5.581702,118.310623,29,0.16,0,6.1cd,0,2.3,822,215
216SAT32,2011-12-03,07:42:30 AM,2011-12-02,11:42:30 PM,5.577481,118.305457,28.5,0.16,0,5.4cd,0,2.32,741,216
217SAT32,2011-12-03,11:40:38 AM,2011-12-03,03:40:38 AM,5.573374,118.305352,30,0.56,0,25.7c,0,4.79,457,217
218SAT32,2011-12-03,03:42:54 PM,2011-12-03,07:42:54 AM,5.573681,118.303622,30.5,0.27,0,21.8c,1,1.94,195,218
219SAT32,2011-12-03,11:40:34 PM,2011-12-03,03:40:34 PM,5.539394,118.297338,28.5,0.36,0,12.5c,4,1.08,3880,219
220SAT32,2011-12-04,03:40:34 AM,2011-12-03,07:40:34 PM,5.5378,118.293743,28.5,0.13,0,25.1c,1,1.06,436,220
221SAT32,2011-12-04,07:40:34 AM,2011-12-03,11:40:34 PM,5.539539,118.296404,28.5,0.23,0,14.1c,3,1.99,353,221
222SAT32,2011-12-04,11:42:00 AM,2011-12-04,03:42:00 AM,5.542721,118.299417,29.5,0.03,0,40.6c,2,8.03,487,222
223SAT32,2011-12-04,03:40:35 PM,2011-12-04,07:40:35 AM,5.539345,118.294848,30.5,0.43,0,27.8c,5,1.23,630,223
224SAT32,2011-12-04,11:40:34 PM,2011-12-04,03:40:34 PM,5.518981,118.290233,29,0.27,0,6.7cd,5,1.94,2324,224
225SAT32,2011-12-05,03:40:34 AM,2011-12-04,07:40:34 PM,5.51954,118.290978,28.5,0.58,0,13.4c,0,1.15,103,225
226SAT32,2011-12-05,07:43:35 AM,2011-12-04,11:43:35 PM,5.520597,118.286303,29,0.71,0,20.9c,0,3.11,531,226
227SAT32,2011-12-05,11:41:57 AM,2011-12-05,03:41:57 AM,5.51902,118.284131,29.5,0.61,0,d112.,0,2.28,298,227
228SAT32,2011-12-05,03:40:34 PM,2011-12-05,07:40:34 AM,5.517246,118.283646,29.5,0.21,0,55.4c,1,1.29,205,228
229SAT32,2011-12-05,07:40:34 PM,2011-12-05,11:40:34 AM,5.515205,118.279466,29,0.21,0,14.2c,0,1.14,516,229
230SAT32,2011-12-05,11:41:29 PM,2011-12-05,03:41:29 PM,5.516151,118.280969,29,0.71,0,102.2,0,5.53,197,230
231SAT32,2011-12-06,03:42:04 AM,2011-12-05,07:42:04 PM,5.515949,118.281037,28.5,0.24,0,71.3c,3,3.72,24,231
232SAT32,2011-12-06,03:40:35 PM,2011-12-06,07:40:35 AM,5.518536,118.292315,31,0.31,0,10.6c,5,1.83,1282,232
233SAT32,2011-12-06,07:40:34 PM,2011-12-06,11:40:34 AM,5.516079,118.278868,29,0.23,0,11.0c,0,1.29,1515,233
234SAT32,2011-12-06,11:40:34 PM,2011-12-06,03:40:34 PM,5.516432,118.274934,27.5,1.23,0,37.8c,5,1.43,438,234
235SAT32,2011-12-07,03:40:34 AM,2011-12-06,07:40:34 PM,5.516281,118.27633,27,0.18,0,36.6c,5,1.12,156,235
236SAT32,2011-12-07,11:42:07 AM,2011-12-07,03:42:07 AM,5.521046,118.283289,28.5,1.84,0,33.4c,0,8.91,936,236
237SAT32,2011-12-07,03:40:59 PM,2011-12-07,07:40:59 AM,5.519444,118.282195,28.5,0.84,0,13.8c,0,3.35,216,237
238SAT32,2011-12-07,07:43:53 PM,2011-12-07,11:43:53 AM,5.516008,118.278881,28,0.14,0,11.1c,3,1.45,530,238
239SAT32,2011-12-07,11:40:34 PM,2011-12-07,03:40:34 PM,5.515673,118.273666,27.5,0.3,0,36.8c,3,4.31,579,239
240SAT32,2011-12-08,03:40:34 AM,2011-12-07,07:40:34 PM,5.515697,118.273905,27.5,0.26,0,26.5c,3,1.08,27,240
241SAT32,2011-12-08,07:41:05 AM,2011-12-07,11:41:05 PM,5.520017,118.282427,28,0.36,0,20.3c,0,4.65,1060,241
242SAT32,2011-12-08,11:43:29 AM,2011-12-08,03:43:29 AM,5.52624,118.282602,29.5,0.36,0,22.2c,0,1.3,693,242
243SAT32,2011-12-08,03:44:03 PM,2011-12-08,07:44:03 AM,5.526617,118.281644,31,1.06,0,20.7c,0,1.49,114,243
244SAT32,2011-12-08,07:40:34 PM,2011-12-08,11:40:34 AM,5.530709,118.279213,29,0.86,0,6.8cd,4,1.77,529,244
245SAT32,2011-12-08,11:43:58 PM,2011-12-08,03:43:58 PM,5.530093,118.282677,29,0.28,0,77.7c,0,1.71,390,245
246SAT32,2011-12-09,03:41:05 AM,2011-12-08,07:41:05 PM,5.530472,118.28443,28.5,1.08,0,60.1c,0,2.12,199,246
247SAT32,2011-12-09,07:41:54 AM,2011-12-08,11:41:54 PM,5.531548,118.290825,28,1.22,0,10.0c,1,3.52,719,247
248SAT32,2011-12-09,11:40:59 AM,2011-12-09,03:40:59 AM,5.540369,118.303587,32.5,1.11,0,18.7c,0,7.12,1722,248
249SAT32,2011-12-09,03:40:34 PM,2011-12-09,07:40:34 AM,5.541981,118.309922,36.5,0.18,0,10.1c,5,1.27,724,249
250SAT32,2011-12-09,07:40:34 PM,2011-12-09,11:40:34 AM,5.54158,118.311401,30,0.41,0,9.2cd,0,1.76,170,250
251SAT32,2011-12-09,11:40:34 PM,2011-12-09,03:40:34 PM,5.54343,118.311224,28,0.32,0,10.2c,1,1.41,207,251
252SAT32,2011-12-10,03:40:34 AM,2011-12-09,07:40:34 PM,5.546114,118.314865,28,0.41,0,25.1c,2,1.62,502,252
253SAT32,2011-12-10,07:40:34 AM,2011-12-09,11:40:34 PM,5.546559,118.314493,28,0.04,0,8.3cd,5,1.11,64,253
254SAT32,2011-12-10,11:41:00 AM,2011-12-10,03:41:00 AM,5.546349,118.317782,31,1.68,0,4.8cd,0,1.55,365,254
255SAT32,2011-12-10,03:40:59 PM,2011-12-10,07:40:59 AM,5.546769,118.317303,30.5,0.08,0,27.5c,0,3.34,71,255
256SAT32,2011-12-10,07:40:34 PM,2011-12-10,11:40:34 AM,5.546236,118.313787,29.5,0.28,0,9.6cd,5,3.03,394,256
257SAT32,2011-12-10,11:41:53 PM,2011-12-10,03:41:53 PM,5.544379,118.312332,28.5,0.31,0,2.9cd,0,3.12,262,257
258SAT32,2011-12-11,03:40:34 AM,2011-12-10,07:40:34 PM,5.543994,118.311673,28,0.11,0,7.6cd,5,0.97,85,258
259SAT32,2011-12-11,07:40:34 AM,2011-12-10,11:40:34 PM,5.541985,118.310959,28.5,0.12,0,10.4c,5,0.86,237,259
260SAT32,2011-12-11,11:40:41 AM,2011-12-11,03:40:41 AM,5.538882,118.309119,31,0.07,0,94.1c,2,6,401,260
261SAT32,2011-12-11,07:40:34 PM,2011-12-11,11:40:34 AM,5.529292,118.293638,29.5,0.49,0,7.4cd,3,1.25,2020,261
262SAT32,2011-12-11,11:40:34 PM,2011-12-11,03:40:34 PM,5.522582,118.301867,28.5,0.29,0,20.2c,5,0.93,1179,262
263SAT32,2011-12-12,03:41:26 AM,2011-12-11,07:41:26 PM,5.521635,118.302986,28.5,0.44,0,d93.4,0,5.5,163,263
264SAT32,2011-12-12,07:41:05 AM,2011-12-11,11:41:05 PM,5.522467,118.305647,28.5,0.34,0,16.1c,0,2.06,309,264
265SAT32,2011-12-12,11:41:07 AM,2011-12-12,03:41:07 AM,5.516248,118.305693,31.5,0.24,0,d18.0,5,2.81,692,265
266SAT32,2011-12-12,03:40:58 PM,2011-12-12,07:40:58 AM,5.511583,118.303625,31,0.34,0,30.4c,0,2.46,568,266
267SAT32,2011-12-12,07:40:34 PM,2011-12-12,11:40:34 AM,5.509351,118.305739,28.5,0.39,0,35.9c,0,4.65,341,267
268SAT32,2011-12-12,11:41:05 PM,2011-12-12,03:41:05 PM,5.499055,118.311397,28.5,0.24,0,19.9c,3,2.68,1306,268
269SAT32,2011-12-13,03:40:34 AM,2011-12-12,07:40:34 PM,5.497809,118.31258,27.5,0.14,0,15.2c,5,1.17,191,269
270SAT32,2011-12-13,07:40:54 AM,2011-12-12,11:40:54 PM,5.493621,118.309449,28,0.69,0,d32.4,0,2.33,581,270
271SAT32,2011-12-13,11:41:04 AM,2011-12-13,03:41:04 AM,5.493666,118.309999,29.5,0.99,0,22.1c,0,3.49,61,271
272SAT32,2011-12-13,03:42:24 PM,2011-12-13,07:42:24 AM,5.49261,118.310371,30,0.59,0,11.1c,5,3.26,125,272
273SAT32,2011-12-13,07:40:34 PM,2011-12-13,11:40:34 AM,5.476562,118.303545,29,1.57,0,11.5c,5,1.92,1940,273
274SAT32,2011-12-13,11:40:34 PM,2011-12-13,03:40:34 PM,5.46731,118.29485,28,0.34,0,23.0c,5,0.91,1410,274
275SAT32,2011-12-14,03:40:34 AM,2011-12-13,07:40:34 PM,5.467311,118.295379,27.5,0.31,0,25.1c,0,2.41,59,275
276SAT32,2011-12-14,07:42:35 AM,2011-12-13,11:42:35 PM,5.468214,118.295395,28,0.91,0,21.3c,5,2.13,100,276
277SAT32,2011-12-14,11:41:59 AM,2011-12-14,03:41:59 AM,5.466883,118.29667,30.5,0.09,0,14.2c,1,1.86,205,277
278SAT32,2011-12-14,03:41:29 PM,2011-12-14,07:41:29 AM,5.466183,118.297657,30.5,0.11,0,22.2c,0,2,134,278
279SAT32,2011-12-14,07:40:34 PM,2011-12-14,11:40:34 AM,5.467649,118.294863,28,0.21,0,14.5c,5,0.89,350,279
280SAT32,2011-12-14,11:41:34 PM,2011-12-14,03:41:34 PM,5.4641,118.294575,28,2.26,0,14.7c,0,3.53,396,280
281SAT32,2011-12-15,03:40:34 AM,2011-12-14,07:40:34 PM,5.463818,118.294241,28,1.16,0,15.3c,2,1.36,49,281
282SAT32,2011-12-15,07:42:02 AM,2011-12-14,11:42:02 PM,5.464884,118.292654,29,0.66,0,d3.0c,0,3.36,212,282
283SAT32,2011-12-15,11:42:07 AM,2011-12-15,03:42:07 AM,5.464333,118.292639,29.5,0.86,0,1.0cd,5,1.23,61,283
284SAT32,2011-12-15,03:40:34 PM,2011-12-15,07:40:34 AM,5.462674,118.294719,30,0.81,0,17.3c,5,1.35,295,284
285SAT32,2011-12-15,07:41:06 PM,2011-12-15,11:41:06 AM,5.460774,118.294514,29,0.08,0,20.7c,1,1.8,213,285
286SAT32,2011-12-15,11:40:34 PM,2011-12-15,03:40:34 PM,5.462731,118.293898,27.5,0.18,0,18.4c,5,1.63,228,286
287SAT32,2011-12-16,03:40:34 AM,2011-12-15,07:40:34 PM,5.466048,118.294103,27.5,0.51,0,21.0c,3,1.25,370,287
288SAT32,2011-12-16,07:40:34 AM,2011-12-15,11:40:34 PM,5.467341,118.295019,27.5,1.06,0,29.7c,2,3.68,176,288
289SAT32,2011-12-16,11:42:00 AM,2011-12-16,03:42:00 AM,5.465667,118.296635,29.5,0.29,0,22.1c,0,3.08,259,289
290SAT32,2011-12-16,03:40:55 PM,2011-12-16,07:40:55 AM,5.464322,118.296797,30,0.61,0,13.4c,2,3.22,151,290
291SAT32,2011-12-16,07:42:06 PM,2011-12-16,11:42:06 AM,5.463228,118.297364,29.5,0.22,0,d62.3,0,3.25,137,291
292SAT32,2011-12-16,11:40:34 PM,2011-12-16,03:40:34 PM,5.460946,118.294768,28.5,0.82,0,16.4c,3,0.94,384,292
293SAT32,2011-12-17,03:40:34 AM,2011-12-16,07:40:34 PM,5.460668,118.292963,28,0.48,0,23.7c,0,2.27,202,293
294SAT32,2011-12-17,07:41:07 AM,2011-12-16,11:41:07 PM,5.460621,118.292352,28,0.18,0,26.1c,0,3.11,68,294
295SAT32,2011-12-17,11:40:58 AM,2011-12-17,03:40:58 AM,5.460459,118.288291,29,0.18,0,17.0c,5,1.86,450,295
296SAT32,2011-12-17,03:40:34 PM,2011-12-17,07:40:34 AM,5.460788,118.287426,32,0.33,0,17.0c,5,1.47,103,296
297SAT32,2011-12-17,07:40:34 PM,2011-12-17,11:40:34 AM,5.462946,118.294502,29.5,0.29,0,15.3c,5,1.18,820,297
298SAT32,2011-12-17,11:41:36 PM,2011-12-17,03:41:36 PM,5.471635,118.292728,28,0.24,0,18.4c,2,5.93,987,298
299SAT32,2011-12-18,03:40:34 AM,2011-12-17,07:40:34 PM,5.471692,118.297057,28,0.54,0,18.1c,5,1.66,480,299
300SAT32,2011-12-18,07:40:36 AM,2011-12-17,11:40:36 PM,5.470735,118.29977,28,0.89,0,56.4c,0,2.33,319,300
301SAT32,2011-12-18,11:42:38 AM,2011-12-18,03:42:38 AM,5.468556,118.298212,30,0.29,0,31.1c,5,1.89,298,301
302SAT32,2011-12-18,03:40:34 PM,2011-12-18,07:40:34 AM,5.468454,118.298322,31.5,0.39,0,43.9c,5,1.38,17,302
303SAT32,2011-12-18,07:42:00 PM,2011-12-18,11:42:00 AM,5.471677,118.300731,30,0.1,0,47.3c,5,2.51,447,303
304SAT32,2011-12-18,07:42:00 PM,2011-12-18,11:42:00 AM,5.471677,118.300731,30,0.1,0,47.3c,0,2.51,0,304
305SAT32,2011-12-18,07:42:00 PM,2011-12-18,11:42:00 AM,5.471677,118.300731,30,0.15,0,47.3c,0,2.51,0,305
306SAT32,2011-12-19,03:40:34 AM,2011-12-18,07:40:34 PM,5.477299,118.299605,27,0.05,0,9.9cd,5,0.82,638,306
307SAT32,2011-12-19,07:41:34 AM,2011-12-18,11:41:34 PM,5.473966,118.299604,27.5,1.37,0,12.3c,5,3.35,371,307
308SAT32,2011-12-19,11:41:35 AM,2011-12-19,03:41:35 AM,5.474344,118.295242,30.5,0.4,0,8.1cd,5,2.11,485,308
309SAT32,2011-12-19,11:41:35 AM,2011-12-19,03:41:35 AM,5.474344,118.295242,30.5,0.4,0,8.1cd,0,2.11,0,309
310SAT32,2011-12-19,11:41:35 AM,2011-12-19,03:41:35 AM,5.474344,118.295242,30.5,0.4,0,8.1cd,5,2.11,0,310
311SAT32,2011-12-19,11:41:35 AM,2011-12-19,03:41:35 AM,5.474344,118.295242,30.5,0.4,0,8.1cd,0,2.11,0,311
312SAT32,2011-12-19,11:41:35 AM,2011-12-19,03:41:35 AM,5.474344,118.295242,30.5,0.49,0,8.1cd,0,2.11,0,312
313SAT32,2011-12-20,03:41:02 AM,2011-12-19,07:41:02 PM,5.475145,118.236593,28.5,1.19,0,16.9c,0,3.29,6500,313
314SAT32,2011-12-20,07:41:05 AM,2011-12-19,11:41:05 PM,5.476708,118.236132,28,0.39,0,d9.2c,2,3.31,181,314
315SAT32,2011-12-20,03:40:34 PM,2011-12-20,07:40:34 AM,5.482787,118.216823,32,0.9,0,10.5c,5,1.69,2244,315
316SAT32,2011-12-20,07:40:34 PM,2011-12-20,11:40:34 AM,5.486654,118.211124,29.5,0.5,0,16.9c,5,0.97,764,316
317SAT32,2011-12-20,11:41:29 PM,2011-12-20,03:41:29 PM,5.491845,118.205011,29,0.16,0,23.1c,5,2,890,317
318SAT32,2011-12-21,03:40:34 AM,2011-12-20,07:40:34 PM,5.487244,118.203849,29,0.28,0,9.2cd,5,1.78,528,318
319SAT32,2011-12-21,07:41:06 AM,2011-12-20,11:41:06 PM,5.482086,118.204087,28.5,0.05,0,50.9c,0,2.26,575,319
320SAT32,2011-12-21,11:40:53 AM,2011-12-21,03:40:53 AM,5.48246,118.20562,31.5,0.85,0,44.6c,3,2.37,175,320
321SAT32,2011-12-21,03:40:34 PM,2011-12-21,07:40:34 AM,5.486832,118.210813,31.5,0.33,0,19.8c,5,1.09,754,321
322SAT32,2011-12-21,07:40:34 PM,2011-12-21,11:40:34 AM,5.486323,118.202076,29.5,0.76,0,17.5c,5,1.19,970,322
323SAT32,2011-12-21,11:41:54 PM,2011-12-21,03:41:54 PM,5.487417,118.20359,29,0.6,0,32.7c,2,2.47,207,323
324SAT32,2011-12-22,03:40:34 AM,2011-12-21,07:40:34 PM,5.485625,118.201633,29,0.12,0,8.2cd,5,0.82,295,324
325SAT32,2011-12-22,07:40:38 AM,2011-12-21,11:40:38 PM,5.482463,118.205519,29,1.35,0,34.9c,2,4.78,556,325
326SAT32,2011-12-22,11:41:55 AM,2011-12-22,03:41:55 AM,5.480876,118.207261,31,1.15,0,48.2c,0,2.6,262,326
327SAT32,2011-12-22,03:43:28 PM,2011-12-22,07:43:28 AM,5.484344,118.222651,32,1.85,0,14.5c,5,3.2,1749,327
328SAT32,2011-12-22,07:40:34 PM,2011-12-22,11:40:34 AM,5.486176,118.224146,30,0.26,0,15.6c,1,0.88,263,328
329SAT32,2011-12-22,11:41:35 PM,2011-12-22,03:41:35 PM,5.487448,118.226627,29,0.33,0,20.9c,3,2.54,309,329
330SAT32,2011-12-23,03:40:34 AM,2011-12-22,07:40:34 PM,5.487888,118.227563,28.5,0.23,0,30.8c,3,1.46,115,330
331SAT32,2011-12-23,07:42:30 AM,2011-12-22,11:42:30 PM,5.487326,118.22813,29,0.36,0,23.4c,5,1.69,89,331
332SAT32,2011-12-23,11:41:05 AM,2011-12-23,03:41:05 AM,5.483945,118.225968,31,1.58,0,10.4c,5,1.39,446,332
333SAT32,2011-12-23,03:40:59 PM,2011-12-23,07:40:59 AM,5.486011,118.226779,32.5,0.08,0,23.2c,4,2.07,247,333
334SAT32,2011-12-23,07:40:34 PM,2011-12-23,11:40:34 AM,5.487044,118.227045,30,0.1,0,16.9c,5,1.5,119,334
335SAT32,2011-12-23,11:40:34 PM,2011-12-23,03:40:34 PM,5.48581,118.226449,28.5,0.37,0,28.9c,5,2.4,152,335
336SAT32,2011-12-24,03:40:34 AM,2011-12-23,07:40:34 PM,5.484976,118.227505,28.5,0.26,0,5.6cd,5,0.93,149,336
337SAT32,2011-12-24,07:43:23 AM,2011-12-23,11:43:23 PM,5.486183,118.23034,28,0.2,0,1.7cd,1,1.53,342,337
338SAT32,2011-12-24,11:42:29 AM,2011-12-24,03:42:29 AM,5.488277,118.230224,28.5,0.7,0,6.9cd,0,2.49,233,338
339SAT32,2011-12-24,03:40:35 PM,2011-12-24,07:40:35 AM,5.488793,118.229554,27,0.2,0,23.4c,5,7.31,94,339
340SAT32,2011-12-24,07:41:05 PM,2011-12-24,11:41:05 AM,5.493429,118.229324,27.5,1.88,84,12.0c,3,1.54,517,340
341SAT32,2011-12-24,11:40:35 PM,2011-12-24,03:40:35 PM,5.493564,118.230151,27.5,0.32,0,17.0c,0,1.82,93,341
342SAT32,2011-12-25,03:40:34 AM,2011-12-24,07:40:34 PM,5.493183,118.229427,27,0.62,0,18.7c,5,1.24,91,342
343SAT32,2011-12-25,07:41:24 AM,2011-12-24,11:41:24 PM,5.491148,118.229215,27,0.82,0,15.3c,0,3.02,228,343
344SAT32,2011-12-25,11:40:34 AM,2011-12-25,03:40:34 AM,5.49045,118.231201,29.5,0.32,0,25.1c,0,2.52,233,344
345SAT32,2011-12-25,03:42:11 PM,2011-12-25,07:42:11 AM,5.489303,118.2312,29.5,0.12,0,20.7c,0,1.26,128,345
346SAT32,2011-12-25,07:40:34 PM,2011-12-25,11:40:34 AM,5.48527,118.226113,28.5,0.22,0,11.8c,5,1.3,721,346
347SAT32,2011-12-25,11:40:34 PM,2011-12-25,03:40:34 PM,5.485462,118.23457,28,0.38,0,14.1c,0,0.84,937,347
348SAT32,2011-12-26,03:40:34 AM,2011-12-25,07:40:34 PM,5.485602,118.234307,28,0.05,0,16.1c,1,0.95,33,348
349SAT32,2011-12-26,07:40:34 AM,2011-12-25,11:40:34 PM,5.486073,118.234381,28,0.18,0,9.6cd,5,1.09,53,349
350SAT32,2011-12-26,11:41:30 AM,2011-12-26,03:41:30 AM,5.486352,118.235255,31.5,0.56,0,d29.2,0,2.42,102,350
351SAT32,2011-12-26,03:40:56 PM,2011-12-26,07:40:56 AM,5.486211,118.233838,30,0.46,0,d6.7c,5,3.41,158,351
352SAT32,2011-12-26,07:40:34 PM,2011-12-26,11:40:34 AM,5.485617,118.234299,28,0.3,0,15.6c,5,1.41,84,352
353SAT32,2011-12-26,11:40:34 PM,2011-12-26,03:40:34 PM,5.485231,118.234322,27.5,0.36,0,18.7c,3,1.02,43,353
354SAT32,2011-12-27,03:43:05 AM,2011-12-26,07:43:05 PM,5.486419,118.23314,28.5,0.09,0,24.1c,2,1.59,186,354
355SAT32,2011-12-27,07:40:34 AM,2011-12-26,11:40:34 PM,5.486284,118.232873,28,0.58,0,48.4c,0,2.45,33,355
356SAT32,2011-12-27,11:42:04 AM,2011-12-27,03:42:04 AM,5.48665,118.232824,29.5,0.88,0,19.8c,0,1.89,41,356
357SAT32,2011-12-27,03:40:55 PM,2011-12-27,07:40:55 AM,5.486139,118.2335,29,0.28,0,85.3c,4,2.84,94,357
358SAT32,2011-12-27,07:42:01 PM,2011-12-27,11:42:01 AM,5.478379,118.217645,28.5,0.25,0,1.0cd,3,2.61,1958,358
359SAT32,2011-12-27,11:40:34 PM,2011-12-27,03:40:34 PM,5.472904,118.217224,28,0.33,0,20.2c,5,1.42,611,359
360SAT32,2011-12-28,03:40:34 AM,2011-12-27,07:40:34 PM,5.473409,118.215274,28.5,0.18,0,9.2cd,5,1.21,223,360
361SAT32,2011-12-28,07:41:59 AM,2011-12-27,11:41:59 PM,5.473118,118.215713,28.5,0.01,0,21.3c,2,0.77,58,361
362SAT32,2011-12-28,03:40:34 PM,2011-12-28,07:40:34 AM,5.460428,118.198664,29,0.12,0,17.1c,5,1.03,2359,362
363SAT32,2011-12-28,07:41:00 PM,2011-12-28,11:41:00 AM,5.445292,118.202633,28,0.24,0,116.2,1,2.34,1741,363
364SAT32,2011-12-28,11:41:15 PM,2011-12-28,03:41:15 PM,5.446054,118.203127,27.5,0.72,0,71.3c,0,6.15,101,364
365SAT32,2011-12-29,03:40:59 AM,2011-12-28,07:40:59 PM,5.446812,118.202714,27.5,0.32,0,5.7cd,0,2.56,96,365
366SAT32,2011-12-29,07:41:23 AM,2011-12-28,11:41:23 PM,5.449486,118.202465,27.5,0.92,0,36.3c,1,2.52,299,366
367SAT32,2011-12-29,11:42:29 AM,2011-12-29,03:42:29 AM,5.444219,118.199884,29,2.22,0,ccccc,0,99.9,652,367
368SAT32,2011-12-29,03:42:37 PM,2011-12-29,07:42:37 AM,5.46042,118.202342,30.5,3.42,0,4.5cd,0,2.18,1824,368
369SAT32,2011-12-29,07:42:05 PM,2011-12-29,11:42:05 AM,5.445221,118.210367,29.5,1.02,0,14.0c,0,2.17,1912,369
370SAT32,2011-12-29,11:40:34 PM,2011-12-29,03:40:34 PM,5.460607,118.205236,28.5,0.22,0,31.2c,0,4.83,1805,370
371SAT32,2011-12-30,03:40:34 AM,2011-12-29,07:40:34 PM,5.479783,118.199666,28,0.52,0,19.5c,5,3.36,2222,371
372SAT32,2011-12-30,07:41:53 AM,2011-12-29,11:41:53 PM,5.476309,118.204135,28,0.26,0,29.0c,0,2.81,628,372
373SAT32,2011-12-30,11:41:04 AM,2011-12-30,03:41:04 AM,5.475676,118.201348,30.5,0.46,0,d4.7c,1,1.54,317,373
374SAT32,2011-12-30,03:40:41 PM,2011-12-30,07:40:41 AM,5.486809,118.202251,30.5,0.11,0,23.5c,0,10.2,1243,374
375SAT32,2011-12-30,07:40:34 PM,2011-12-30,11:40:34 AM,5.495664,118.206626,29,0.26,0,16.3c,5,1.79,1098,375
376SAT32,2011-12-30,11:40:34 PM,2011-12-30,03:40:34 PM,5.49397,118.208978,28.5,0.87,0,12.6c,5,1.07,322,376
377SAT32,2011-12-31,07:41:05 AM,2011-12-30,11:41:05 PM,5.47747,118.207455,28,0.55,0,44.1c,0,3.24,1844,377
378SAT32,2011-12-31,11:41:05 AM,2011-12-31,03:41:05 AM,5.474597,118.20977,29.5,0.85,0,55.4c,2,1.96,410,378
379SAT32,2011-12-31,03:40:35 PM,2011-12-31,07:40:35 AM,5.465397,118.229138,27.5,0.55,0,8.8cd,0,2.44,2378,379
380SAT32,2011-12-31,07:41:05 PM,2011-12-31,11:41:05 AM,5.457852,118.229692,27.5,2.45,0,8.6cd,3,2.79,842,380
381SAT32,2011-12-31,11:40:53 PM,2011-12-31,03:40:53 PM,5.438384,118.225666,27.5,1.93,187,14.7c,5,1.55,2213,381
382SAT32,2012-01-01,03:41:29 AM,2011-12-31,07:41:29 PM,5.459219,118.234284,28,2.41,0,22.9c,0,2.8,2508,382
383SAT32,2012-01-01,07:41:05 AM,2011-12-31,11:41:05 PM,5.46139,118.236073,28,0.65,0,d6.8c,0,1.66,313,383
384SAT32,2012-01-01,11:42:09 AM,2012-01-01,03:42:09 AM,5.462328,118.236785,28.5,1.05,0,19.9c,0,2.29,131,384
385SAT32,2012-01-01,03:41:01 PM,2012-01-01,07:41:01 AM,5.460869,118.237895,29,0.31,0,21.3c,1,7.97,204,385
386SAT32,2012-01-01,07:41:29 PM,2012-01-01,11:41:29 AM,5.456852,118.244738,29,0.35,0,36.3c,0,2.92,880,386
387SAT32,2012-01-01,11:41:25 PM,2012-01-01,03:41:25 PM,5.456869,118.245395,28.5,0.15,0,d8.6c,1,3.54,73,387
388SAT32,2012-01-02,03:40:34 AM,2012-01-01,07:40:34 PM,5.452705,118.254265,28.5,0.45,0,9.2cd,2,1.33,1087,388
389SAT32,2012-01-02,07:40:34 AM,2012-01-01,11:40:34 PM,5.456601,118.253703,28,0.15,0,10.0c,5,1.69,438,389
390SAT32,2012-01-02,11:40:34 AM,2012-01-02,03:40:34 AM,5.468402,118.261507,28.5,0.21,0,10.1c,5,1.52,1573,390
391SAT32,2012-01-02,03:40:34 PM,2012-01-02,07:40:34 AM,5.46829,118.260621,28.5,0.31,0,10.8c,5,1.22,99,391
392SAT32,2012-01-02,07:41:35 PM,2012-01-02,11:41:35 AM,5.470678,118.266654,28,1.54,0,7.4cd,5,1.43,719,392
393SAT32,2012-01-02,11:40:34 PM,2012-01-02,03:40:34 PM,5.468675,118.260822,27.5,1.35,0,11.0c,5,0.93,684,393
394SAT32,2012-01-03,03:41:07 AM,2012-01-02,07:41:07 PM,5.470405,118.266527,28,0.05,0,20.6c,0,2.65,661,394
395SAT32,2012-01-03,07:40:34 AM,2012-01-02,11:40:34 PM,5.468268,118.261417,28,0.55,0,11.0c,5,1.1,614,395
396SAT32,2012-01-03,11:40:35 AM,2012-01-03,03:40:35 AM,5.465148,118.255042,30.5,0.08,0,39.0c,5,2.17,787,396
397SAT32,2012-01-03,03:40:34 PM,2012-01-03,07:40:34 AM,5.4698,118.257578,30.5,0.15,0,10.0c,5,1.08,589,397
398SAT32,2012-01-03,07:41:23 PM,2012-01-03,11:41:23 AM,5.464724,118.253559,28.5,0.33,0,27.5c,0,2.22,719,398
399SAT32,2012-01-03,11:40:34 PM,2012-01-03,03:40:34 PM,5.465514,118.253044,28,0.23,0,7.9cd,5,1.77,105,399
400SAT32,2012-01-04,03:41:05 AM,2012-01-03,07:41:05 PM,5.465332,118.252222,28.5,0.04,0,31.4c,5,2.02,93,400
401SAT32,2012-01-04,07:41:58 AM,2012-01-03,11:41:58 PM,5.464497,118.248582,27.5,0.42,0,11.7c,3,2.09,414,401
402SAT32,2012-01-04,11:41:06 AM,2012-01-04,03:41:06 AM,5.46285,118.246149,30,0.02,0,6.6cd,0,1.91,326,402
403SAT32,2012-01-04,03:43:59 PM,2012-01-04,07:43:59 AM,5.465813,118.252308,32,0.02,0,26.7c,3,1.54,758,403
404SAT32,2012-01-04,07:40:39 PM,2012-01-04,11:40:39 AM,5.465645,118.24629,29,0.12,0,47.9c,5,2.41,667,404
405SAT32,2012-01-04,11:41:01 PM,2012-01-04,03:41:01 PM,5.466445,118.240158,28.5,0,0,11.3c,2,1.4,685,405
406SAT32,2012-01-05,03:40:53 AM,2012-01-04,07:40:53 PM,5.466081,118.239996,29,0,0,27.8c,0,2.04,44,406
407SAT32,2012-01-05,07:41:59 AM,2012-01-04,11:41:59 PM,5.466781,118.238852,28.5,0.4,0,27.6c,5,1.98,149,407
408SAT32,2012-01-05,11:42:06 AM,2012-01-05,03:42:06 AM,5.465619,118.235213,30,0.87,0,55.7c,0,2.46,423,408
409SAT32,2012-01-05,03:40:34 PM,2012-01-05,07:40:34 AM,5.47707,118.243649,30,0.17,0,15.3c,5,1.38,1581,409
410SAT32,2012-01-05,07:40:34 PM,2012-01-05,11:40:34 AM,5.483355,118.23289,29,0.13,0,9.5cd,5,1.3,1382,410
411SAT32,2012-01-05,11:40:34 PM,2012-01-05,03:40:34 PM,5.483435,118.23282,28.5,0.37,0,20.8c,5,1.58,12,411
412SAT32,2012-01-06,03:41:35 AM,2012-01-05,07:41:35 PM,5.480559,118.234923,28.5,0.25,0,13.0c,0,2.23,396,412
413SAT32,2012-01-06,07:43:10 AM,2012-01-05,11:43:10 PM,5.479995,118.235167,29,0.15,0,34.2c,5,3.85,68,413
414SAT32,2012-01-06,11:42:07 AM,2012-01-06,03:42:07 AM,5.480768,118.23581,30.5,2.78,0,3.2cd,0,2.56,112,414
415SAT32,2012-01-06,03:40:34 PM,2012-01-06,07:40:34 AM,5.476516,118.243431,30,0.33,0,16.8c,3,0.84,968,415
416SAT32,2012-01-06,07:40:34 PM,2012-01-06,11:40:34 AM,5.483789,118.233084,28.5,0.54,0,12.8c,0,1.25,1404,416
417SAT32,2012-01-06,11:41:29 PM,2012-01-06,03:41:29 PM,5.480652,118.235582,28.5,0.05,0,22.3c,5,1.29,446,417
418SAT32,2012-01-07,03:41:05 AM,2012-01-06,07:41:05 PM,5.479374,118.232986,28,0.84,0,71.0c,5,4.47,321,418
419SAT32,2012-01-07,07:42:01 AM,2012-01-06,11:42:01 PM,5.479921,118.23287,28.5,0.39,0,47.4c,0,1.96,62,419
420SAT32,2012-01-07,11:41:59 AM,2012-01-07,03:41:59 AM,5.473456,118.23083,29,0.69,0,5.0cd,0,1.35,754,420
421SAT32,2012-01-07,03:41:05 PM,2012-01-07,07:41:05 AM,5.473546,118.229016,30.5,0.09,0,19.5c,0,1.55,201,421
422SAT32,2012-01-07,07:42:05 PM,2012-01-07,11:42:05 AM,5.47333,118.239685,29,0.05,0,7.7cd,1,1.05,1182,422
423SAT32,2012-01-07,11:40:34 PM,2012-01-07,03:40:34 PM,5.472676,118.239212,28.5,2.19,0,12.6c,5,1.39,90,423
424SAT32,2012-01-08,03:41:04 AM,2012-01-07,07:41:04 PM,5.469469,118.240495,29,0.19,0,52.6c,5,1.99,384,424
425SAT32,2012-01-08,11:40:34 AM,2012-01-08,03:40:34 AM,5.470548,118.243666,29.5,0.43,0,28.7c,0,1.28,371,425
426SAT32,2012-01-08,03:41:16 PM,2012-01-08,07:41:16 AM,5.468523,118.245266,29.5,0.75,0,28.3c,3,3.29,287,426
427SAT32,2012-01-08,07:41:53 PM,2012-01-08,11:41:53 AM,5.472829,118.259484,28.5,0.82,0,19.4c,4,4.69,1647,427
428SAT32,2012-01-08,11:40:34 PM,2012-01-08,03:40:34 PM,5.478813,118.270275,27.5,0.43,0,9.2cd,5,0.98,1369,428
429SAT32,2012-01-09,03:40:34 AM,2012-01-08,07:40:34 PM,5.479347,118.265507,27.5,0.18,0,d5.7c,0,1.33,532,429
430SAT32,2012-01-09,07:41:05 AM,2012-01-08,11:41:05 PM,5.4843,118.262085,28,0.08,0,21.8c,2,1.29,669,430
431SAT32,2012-01-09,11:41:52 AM,2012-01-09,03:41:52 AM,5.482662,118.259169,30.5,1,0,34.0c,5,1.35,371,431
432SAT32,2012-01-09,03:41:29 PM,2012-01-09,07:41:29 AM,5.482266,118.259751,30.5,0.72,0,13.7c,3,3.41,78,432
433SAT32,2012-01-09,07:40:34 PM,2012-01-09,11:40:34 AM,5.490733,118.287206,28,0.25,0,13.0c,0,3.85,3185,433
434SAT32,2012-01-09,11:40:34 PM,2012-01-09,03:40:34 PM,5.49895,118.277432,27.5,0.18,0,6.0cd,5,1.15,1418,434
435SAT32,2012-01-10,03:40:34 AM,2012-01-09,07:40:34 PM,5.509223,118.274894,27.5,4.05,0,9.2cd,0,2.01,1178,435
436SAT32,2012-01-10,07:43:05 AM,2012-01-09,11:43:05 PM,5.505535,118.266392,28,0.57,0,13.7c,1,2.17,1028,436
437SAT32,2012-01-10,11:40:35 AM,2012-01-10,03:40:35 AM,5.50759,118.265687,29.5,0.42,0,30.3c,0,1.9,242,437
438SAT32,2012-01-10,03:41:05 PM,2012-01-10,07:41:05 AM,5.508921,118.26544,30,0.05,0,30.6c,0,2,151,438
439SAT32,2012-01-10,07:40:34 PM,2012-01-10,11:40:34 AM,5.510465,118.262953,28.5,0.17,0,16.3c,0,1.1,325,439
440SAT32,2012-01-10,11:40:34 PM,2012-01-10,03:40:34 PM,5.510375,118.26177,28,0.27,0,16.7c,2,0.99,132,440
441SAT32,2012-01-11,03:43:24 AM,2012-01-10,07:43:24 PM,5.499317,118.256876,28.5,0.72,0,37.4c,4,2.53,1345,441
442SAT32,2012-01-11,03:43:53 PM,2012-01-11,07:43:53 AM,5.514314,118.235323,29,0.02,0,28.5c,0,1.52,2914,442
443SAT32,2012-01-11,07:42:09 PM,2012-01-11,11:42:09 AM,5.508319,118.24212,28.5,1.29,0,12.6c,0,3.66,1006,443
444SAT32,2012-01-11,11:41:05 PM,2012-01-11,03:41:05 PM,5.49853,118.227316,27.5,0.12,0,5.0cd,5,0.96,1969,444
445SAT32,2012-01-12,03:41:05 AM,2012-01-11,07:41:05 PM,5.504184,118.221606,28,0.06,0,23.9c,0,2.61,892,445
446SAT32,2012-01-12,07:40:35 AM,2012-01-11,11:40:35 PM,5.504373,118.222206,27.5,0.27,0,31.3c,0,1.68,70,446
447SAT32,2012-01-12,11:41:37 AM,2012-01-12,03:41:37 AM,5.503738,118.219134,30.5,1.37,0,d64.0,4,4.5,348,447
448SAT32,2012-01-12,03:41:29 PM,2012-01-12,07:41:29 AM,5.50544,118.21277,32,0.06,0,d10.5,0,2.66,730,448
449SAT32,2012-01-12,07:41:35 PM,2012-01-12,11:41:35 AM,5.50471,118.211032,30,0.16,0,42.5c,2,1.5,209,449
450SAT32,2012-01-12,11:41:31 PM,2012-01-12,03:41:31 PM,5.503835,118.216724,28.5,0.26,0,26.0c,5,2.5,638,450
451SAT32,2012-01-13,03:42:48 AM,2012-01-12,07:42:48 PM,5.503055,118.213988,28,0.73,0,124.2,0,9.72,315,451
452SAT32,2012-01-13,07:42:59 AM,2012-01-12,11:42:59 PM,5.503378,118.216887,28,0.23,0,51.4c,0,1.62,323,452
453SAT32,2012-01-13,11:41:00 AM,2012-01-13,03:41:00 AM,5.502908,118.217625,30.5,0.15,0,49.0c,0,1.82,97,453
454SAT32,2012-01-13,03:41:59 PM,2012-01-13,07:41:59 AM,5.501468,118.21838,30,0.53,0,2.3cd,0,1.54,181,454
455SAT32,2012-01-13,07:42:40 PM,2012-01-13,11:42:40 AM,5.501137,118.220489,28,4.83,0,7.7cd,0,6.72,237,455
456SAT32,2012-01-13,11:40:34 PM,2012-01-13,03:40:34 PM,5.503752,118.219312,27.5,0.53,0,22.5c,0,1.31,319,456
457SAT32,2012-01-14,03:40:34 AM,2012-01-13,07:40:34 PM,5.508158,118.206281,27.5,0.63,0,13.6c,2,2.79,1525,457
458SAT32,2012-01-14,07:42:31 AM,2012-01-13,11:42:31 PM,5.512475,118.213973,27.5,0.83,0,5.5cd,0,5.24,978,458
459SAT32,2012-01-14,03:41:29 PM,2012-01-14,07:41:29 AM,5.518964,118.21792,28.5,1.03,0,15.1c,0,1.62,844,459
460SAT32,2012-01-14,07:40:34 PM,2012-01-14,11:40:34 AM,5.520035,118.219735,28.5,0.7,0,35.5c,5,2.24,234,460
461SAT32,2012-01-14,11:41:34 PM,2012-01-14,03:41:34 PM,5.516797,118.226375,28.5,0.73,0,17.6c,0,2.23,819,461
462SAT32,2012-01-15,03:40:34 AM,2012-01-14,07:40:34 PM,5.515798,118.234405,28,0.23,0,17.8c,0,2.79,897,462
463SAT32,2012-01-15,07:42:35 AM,2012-01-14,11:42:35 PM,5.513516,118.23342,28.5,1.33,0,26.1c,0,2.58,276,463
464SAT32,2012-01-15,07:42:35 AM,2012-01-14,11:42:35 PM,5.513516,118.23342,28.5,1.3,0,26.1c,0,2.58,0,464
465SAT32,2012-01-15,03:41:22 PM,2012-01-15,07:41:22 AM,5.514807,118.233766,31,0.35,0,10.3c,0,1.41,149,465
466SAT32,2012-01-15,07:40:54 PM,2012-01-15,11:40:54 AM,5.510112,118.240536,29.5,4.76,0,d4.4c,0,1.52,914,466
467SAT32,2012-01-15,11:41:04 PM,2012-01-15,03:41:04 PM,5.508244,118.239916,28.5,0.46,0,7.4cd,0,1.33,219,467
468SAT32,2012-01-16,03:41:40 AM,2012-01-15,07:41:40 PM,5.507403,118.239291,28,0.16,0,16.7c,0,3.01,117,468
469SAT32,2012-01-16,07:41:53 AM,2012-01-15,11:41:53 PM,5.50314,118.234554,28.5,0.06,0,4.2cd,0,1.26,708,469
470SAT32,2012-01-16,11:41:05 AM,2012-01-16,03:41:05 AM,5.497148,118.231544,30,0.26,0,d12.2,0,1.28,746,470
471SAT32,2012-01-16,03:41:00 PM,2012-01-16,07:41:00 AM,5.487681,118.230417,31,0.66,0,d5.5c,0,4.09,1061,471
472SAT32,2012-01-16,07:40:34 PM,2012-01-16,11:40:34 AM,5.481115,118.22306,29,0.76,0,17.5c,0,2.81,1095,472
473SAT32,2012-01-16,11:40:34 PM,2012-01-16,03:40:34 PM,5.477828,118.218438,29,0.76,0,17.5c,0,3.27,629,473
474SAT32,2012-01-17,03:41:29 AM,2012-01-16,07:41:29 PM,5.478106,118.219974,29.5,0.16,0,6.0cd,0,5.64,173,474
475SAT32,2012-01-17,07:42:57 AM,2012-01-16,11:42:57 PM,5.475633,118.219698,29,1.26,0,40.2c,0,15.2,277,475
476SAT32,2012-01-17,11:42:29 AM,2012-01-17,03:42:29 AM,5.474648,118.216171,31.5,1.56,0,d14.3,0,1.6,406,476
477SAT32,2012-01-17,03:41:35 PM,2012-01-17,07:41:35 AM,5.467213,118.199822,33,0.06,0,25.2c,0,1.33,1992,477
478SAT32,2012-01-17,07:40:52 PM,2012-01-17,11:40:52 AM,5.45377,118.186385,29.5,0.34,0,28.6c,0,1.32,2111,478
479SAT32,2012-01-17,11:40:34 PM,2012-01-17,03:40:34 PM,5.454702,118.18366,28,0.16,0,17.7c,0,1.17,319,479
480SAT32,2012-01-18,03:40:53 AM,2012-01-17,07:40:53 PM,5.458543,118.181034,27.5,1.86,0,0.8cd,2,4.29,517,480
481SAT32,2012-01-18,07:41:24 AM,2012-01-17,11:41:24 PM,5.461416,118.178886,27.5,0.05,0,21.1c,0,2.24,399,481
482SAT32,2012-01-18,11:40:46 AM,2012-01-18,03:40:46 AM,5.463166,118.180105,30,0.75,0,42.0c,0,7.73,237,482
483SAT32,2012-01-18,03:41:19 PM,2012-01-18,07:41:19 AM,5.463185,118.179637,30.5,0.35,0,d29.0,0,4.34,52,483
484SAT32,2012-01-18,07:40:59 PM,2012-01-18,11:40:59 AM,5.464153,118.178976,28.5,0.64,0,10.8c,1,3.67,130,484
485SAT32,2012-01-18,11:42:00 PM,2012-01-18,03:42:00 PM,5.460375,118.166878,28,0.64,0,17.4c,0,3.3,1405,485
486SAT32,2012-01-19,03:41:22 AM,2012-01-18,07:41:22 PM,5.459744,118.161911,27.5,0.54,0,15.4c,0,2.84,555,486
487SAT32,2012-01-19,07:41:05 AM,2012-01-18,11:41:05 PM,5.459222,118.162244,27.5,0.74,0,7.2cd,5,1.07,69,487
488SAT32,2012-01-19,11:41:05 AM,2012-01-19,03:41:05 AM,5.459693,118.16047,30,0.05,0,20.4c,0,1.9,203,488
489SAT32,2012-01-19,03:40:59 PM,2012-01-19,07:40:59 AM,5.458367,118.156992,32.5,0.05,0,20.9c,5,1.08,413,489
490SAT32,2012-01-19,07:40:34 PM,2012-01-19,11:40:34 AM,5.457689,118.1564,29,0.43,0,8.0cd,5,1.64,100,490
491SAT32,2012-01-19,11:43:22 PM,2012-01-19,03:43:22 PM,5.459331,118.15685,28.5,0.52,0,d5.5c,0,3.82,189,491
492SAT32,2012-01-20,03:41:05 AM,2012-01-19,07:41:05 PM,5.461011,118.157346,28,0.22,0,24.0c,0,1.89,195,492
493SAT32,2012-01-20,07:41:23 AM,2012-01-19,11:41:23 PM,5.461575,118.15735,28.5,0.02,0,18.1c,0,2.51,63,493
494SAT32,2012-01-20,11:41:04 AM,2012-01-20,03:41:04 AM,5.460638,118.156822,30.5,0.22,0,9.2cd,0,1.84,120,494
495SAT32,2012-01-20,03:42:01 PM,2012-01-20,07:42:01 AM,5.45947,118.156931,31.5,0.62,0,15.3c,0,9.01,131,495
496SAT32,2012-01-20,07:40:34 PM,2012-01-20,11:40:34 AM,5.45848,118.15761,29.5,1.62,0,9.5cd,0,1.78,133,496
497SAT32,2012-01-20,11:40:34 PM,2012-01-20,03:40:34 PM,5.458362,118.157854,28,0.12,0,11.5c,5,0.91,30,497
498SAT32,2012-01-21,03:40:52 AM,2012-01-20,07:40:52 PM,5.457994,118.156588,27.5,0.31,0,12.3c,3,1.95,146,498
499SAT32,2012-01-21,07:42:53 AM,2012-01-20,11:42:53 PM,5.460439,118.15672,27.5,0.05,0,20.7c,1,1.28,273,499
500SAT32,2012-01-21,11:40:34 AM,2012-01-21,03:40:34 AM,5.462279,118.158134,29,0.85,0,25.6c,0,2.39,258,500
501SAT32,2012-01-21,03:42:34 PM,2012-01-21,07:42:34 AM,5.462217,118.157858,30.5,0.15,0,14.7c,5,1.49,31,501
502SAT32,2012-01-21,07:40:34 PM,2012-01-21,11:40:34 AM,5.459347,118.156274,29,0.59,0,10.2c,0,2.13,364,502
503SAT32,2012-01-21,11:40:34 PM,2012-01-21,03:40:34 PM,5.469474,118.155649,28.5,0.29,0,15.0c,3,1.23,1129,503
504SAT32,2012-01-22,03:41:05 AM,2012-01-21,07:41:05 PM,5.470848,118.154443,28.5,0.09,0,15.5c,0,2.35,203,504
505SAT32,2012-01-22,07:41:59 AM,2012-01-21,11:41:59 PM,5.471961,118.153719,28.5,0.09,0,16.3c,0,1.63,148,505
506SAT32,2012-01-22,11:40:34 AM,2012-01-22,03:40:34 AM,5.472152,118.153139,30.5,0.34,0,16.2c,5,1.93,68,506
507SAT32,2012-01-22,03:42:09 PM,2012-01-22,07:42:09 AM,5.470741,118.14843,31.5,0.19,0,16.6c,2,8.26,545,507
508SAT32,2012-01-22,07:40:35 PM,2012-01-22,11:40:35 AM,5.466445,118.138438,29.5,0.31,0,9.7cd,2,4.46,1206,508
509SAT32,2012-01-22,11:40:34 PM,2012-01-22,03:40:34 PM,5.470346,118.129711,28.5,0.5,0,8.5cd,3,1.68,1060,509
510SAT32,2012-01-23,03:40:34 AM,2012-01-22,07:40:34 PM,5.470855,118.129791,28,0.33,0,3.3cd,5,3.03,57,510
511SAT32,2012-01-23,07:40:34 AM,2012-01-22,11:40:34 PM,5.471517,118.129138,27.5,0.33,0,d2.6c,3,2.58,103,511
512SAT32,2012-01-23,11:41:05 AM,2012-01-23,03:41:05 AM,5.476178,118.120759,29.5,0.46,0,103.9,0,3.04,1064,512
513SAT32,2012-01-23,03:40:58 PM,2012-01-23,07:40:58 AM,5.476882,118.119762,29,2.2,0,25.5c,0,2.42,135,513
514SAT32,2012-01-23,07:41:53 PM,2012-01-23,11:41:53 AM,5.472037,118.125223,28,0.8,0,20.7c,0,1.62,811,514
515SAT32,2012-01-23,11:40:34 PM,2012-01-23,03:40:34 PM,5.47179,118.129879,27.5,0.29,0,16.5c,4,1.37,517,515
516SAT32,2012-01-24,03:40:34 AM,2012-01-23,07:40:34 PM,5.467966,118.129732,27,0.14,0,18.2c,0,0.91,426,516
517SAT32,2012-01-24,07:41:29 AM,2012-01-23,11:41:29 PM,5.472298,118.131697,27.5,0.3,0,20.8c,2,2.47,529,517
518SAT32,2012-01-24,11:41:04 AM,2012-01-24,03:41:04 AM,5.472725,118.132665,30.5,0.26,0,6.1cd,0,2.51,117,518
519SAT32,2012-01-24,03:40:34 PM,2012-01-24,07:40:34 AM,5.471771,118.132299,29.5,0.86,0,7.4cd,5,2.32,114,519
520SAT32,2012-01-24,07:41:52 PM,2012-01-24,11:41:52 AM,5.464248,118.129004,28.5,0.95,0,d12.6,5,2,914,520
521SAT32,2012-01-24,11:40:58 PM,2012-01-24,03:40:58 PM,5.461652,118.127204,28,0.23,0,6.0cd,1,1.95,351,521
522SAT32,2012-01-25,03:40:34 AM,2012-01-24,07:40:34 PM,5.461034,118.125538,27,0.3,0,1.4cd,3,2.88,197,522
523SAT32,2012-01-25,07:41:34 AM,2012-01-24,11:41:34 PM,5.46248,118.124209,27.5,0.12,0,31.1c,1,1.37,218,523
524SAT32,2012-01-25,11:40:34 AM,2012-01-25,03:40:34 AM,5.462995,118.121967,29,0.49,0,6.3cd,1,1.08,255,524
525SAT32,2012-01-25,03:42:35 PM,2012-01-25,07:42:35 AM,5.461673,118.123792,30.5,0.03,0,24.1c,3,2.08,250,525
526SAT32,2012-01-25,07:40:34 PM,2012-01-25,11:40:34 AM,5.460673,118.124708,29.5,0.3,0,d1.4c,5,1.18,151,526
527SAT32,2012-01-25,11:40:35 PM,2012-01-25,03:40:35 PM,5.461806,118.120962,28.5,0.51,0,d3.8c,5,6.57,434,527
528SAT32,2012-01-26,03:43:14 AM,2012-01-25,07:43:14 PM,5.463146,118.11727,28,2.3,0,d88.7,0,4.48,435,528
529SAT32,2012-01-26,07:40:34 AM,2012-01-25,11:40:34 PM,5.467411,118.119998,27.5,0.1,0,6.0cd,4,1.21,563,529
530SAT32,2012-01-26,11:40:34 AM,2012-01-26,03:40:34 AM,5.462611,118.113775,29.5,0.7,0,9.8cd,5,0.95,872,530
531SAT32,2012-01-26,03:40:34 PM,2012-01-26,07:40:34 AM,5.462386,118.115614,31,0.28,0,17.9c,5,2.03,205,531
532SAT32,2012-01-26,07:40:34 PM,2012-01-26,11:40:34 AM,5.461562,118.127834,28.5,0.18,0,7.4cd,3,1.66,1357,532
533SAT32,2012-01-26,11:40:34 PM,2012-01-26,03:40:34 PM,5.462629,118.128882,28.5,0.29,0,10.8c,5,0.9,166,533
534SAT32,2012-01-27,03:41:12 AM,2012-01-26,07:41:12 PM,5.468536,118.126427,28,0.88,0,67.2c,0,3.71,712,534
535SAT32,2012-01-27,07:40:53 AM,2012-01-26,11:40:53 PM,5.470032,118.127047,27.5,0.68,0,8.0cd,5,4.93,180,535
536SAT32,2012-01-27,11:40:35 AM,2012-01-27,03:40:35 AM,5.473199,118.128705,28,0.37,0,8.2cd,1,2.71,398,536
537SAT32,2012-01-27,03:40:34 PM,2012-01-27,07:40:34 AM,5.471593,118.130969,28,0.28,0,29.3c,5,1.23,308,537
538SAT32,2012-01-27,07:40:34 PM,2012-01-27,11:40:34 AM,5.471554,118.130187,27.5,1.02,0,4.3cd,5,1.63,87,538
539SAT32,2012-01-27,11:42:55 PM,2012-01-27,03:42:55 PM,5.461472,118.126377,27,3.51,0,21.9c,4,8.66,1199,539
540SAT32,2012-01-28,03:42:11 AM,2012-01-27,07:42:11 PM,5.463172,118.120735,27.5,6.61,0,20.6c,0,7.69,653,540
541SAT32,2012-01-28,07:40:34 AM,2012-01-27,11:40:34 PM,5.463653,118.120056,26.5,0.31,0,12.6c,3,1.36,92,541
542SAT32,2012-01-28,03:42:30 PM,2012-01-28,07:42:30 AM,5.456357,118.097283,31,1.55,0,23.0c,3,2.13,2651,542
543SAT32,2012-01-28,07:42:35 PM,2012-01-28,11:42:35 AM,5.445417,118.101619,28.5,1.24,0,13.4c,5,2.86,1309,543
544SAT32,2012-01-28,11:41:35 PM,2012-01-28,03:41:35 PM,5.433526,118.107008,28,2.23,0,d8.3c,5,6.98,1452,544
545SAT32,2012-01-29,03:40:34 AM,2012-01-28,07:40:34 PM,5.427665,118.101402,27.5,0.43,0,d3.0c,5,4.06,901,545
546SAT32,2012-01-29,07:42:01 AM,2012-01-28,11:42:01 PM,5.42346,118.101137,27.5,1.51,0,17.8c,0,5.13,469,546
547SAT32,2012-01-29,11:44:00 AM,2012-01-29,03:44:00 AM,5.421847,118.093424,30,0.11,0,d4.8c,4,6.81,873,547
548SAT32,2012-01-29,03:40:54 PM,2012-01-29,07:40:54 AM,5.419373,118.087991,31,0.11,0,19.2c,0,1.62,662,548
549SAT32,2012-01-29,07:40:34 PM,2012-01-29,11:40:34 AM,5.407903,118.086459,28,0.31,0,13.5c,5,0.83,1288,549
550SAT32,2012-01-29,11:40:34 PM,2012-01-29,03:40:34 PM,5.406661,118.085268,28,0.1,0,5.9cd,5,0.78,191,550
551SAT32,2012-01-30,03:40:34 AM,2012-01-29,07:40:34 PM,5.406981,118.085554,26.5,0.18,0,d0.7c,2,1.48,48,551
552SAT32,2012-01-30,07:41:35 AM,2012-01-29,11:41:35 PM,5.410774,118.081465,27.5,0.78,0,13.6c,5,4.1,619,552
553SAT32,2012-01-30,11:41:05 AM,2012-01-30,03:41:05 AM,5.414174,118.074704,30,0.44,0,16.3c,1,2.39,839,553
554SAT32,2012-01-30,03:42:26 PM,2012-01-30,07:42:26 AM,5.415781,118.066555,33.5,0.64,0,d4.3c,5,2.3,921,554
555SAT32,2012-01-30,07:40:34 PM,2012-01-30,11:40:34 AM,5.4185,118.054546,28.5,0.61,0,4.6cd,5,1.56,1365,555
556SAT32,2012-01-30,11:41:35 PM,2012-01-30,03:41:35 PM,5.413648,118.046479,28.5,0.11,0,28.9c,0,1.07,1044,556
557SAT32,2012-01-31,03:40:54 AM,2012-01-30,07:40:54 PM,5.414384,118.04631,27,0.4,0,30.9c,4,6.13,84,557
558SAT32,2012-01-31,03:40:54 AM,2012-01-30,07:40:54 PM,5.414384,118.04631,27,0.4,0,30.9c,0,6.13,0,558
559SAT32,2012-01-31,11:42:30 AM,2012-01-31,03:42:30 AM,5.420071,118.044559,29.5,0.73,0,24.2c,5,1.58,662,559
560SAT32,2012-01-31,03:41:54 PM,2012-01-31,07:41:54 AM,5.421428,118.039126,31,2.31,0,22.5c,5,1.2,621,560
561SAT32,2012-01-31,07:41:05 PM,2012-01-31,11:41:05 AM,5.412711,118.031453,30,2.16,166,9.9cd,5,1.64,1290,561
562SAT32,2012-01-31,11:40:34 PM,2012-01-31,03:40:34 PM,5.413525,118.03289,28,0.04,0,14.7c,5,0.93,183,562
563SAT32,2012-02-01,03:41:04 AM,2012-01-31,07:41:04 PM,5.41179,118.027125,27.5,1.26,0,21.6c,1,2.76,667,563
564SAT32,2012-02-01,07:40:34 AM,2012-01-31,11:40:34 PM,5.411323,118.028821,28,0.22,0,8.6cd,5,0.94,195,564
565SAT32,2012-02-01,11:41:05 AM,2012-02-01,03:41:05 AM,5.412283,118.027908,31.5,0.68,0,54.9c,2,2.56,147,565
566SAT32,2012-02-01,03:40:34 PM,2012-02-01,07:40:34 AM,5.411707,118.029757,33.5,0.52,0,14.3c,1,1.21,215,566
567SAT32,2012-02-01,07:40:34 PM,2012-02-01,11:40:34 AM,5.412277,118.031603,30.5,0.91,0,8.2cd,5,1.65,214,567
568SAT32,2012-02-01,11:40:34 PM,2012-02-01,03:40:34 PM,5.411457,118.02953,28.5,0.33,0,15.3c,5,0.82,247,568
569SAT32,2012-02-02,03:40:34 AM,2012-02-01,07:40:34 PM,5.412113,118.025976,28,0.2,0,29.5c,4,1.82,401,569
570SAT32,2012-02-02,07:40:34 AM,2012-02-01,11:40:34 PM,5.411323,118.028558,27.5,0.3,0,12.3c,5,0.95,299,570
571SAT32,2012-02-02,11:41:29 AM,2012-02-02,03:41:29 AM,5.412273,118.029582,32,0.04,0,10.6c,5,1.24,155,571
572SAT32,2012-02-02,03:41:29 PM,2012-02-02,07:41:29 AM,5.412027,118.029949,37.5,0.06,0,11.9c,5,2.26,49,572
573SAT32,2012-02-02,07:40:34 PM,2012-02-02,11:40:34 AM,5.413458,118.032954,30,0.81,0,15.1c,5,0.9,369,573
574SAT32,2012-02-02,11:40:34 PM,2012-02-02,03:40:34 PM,5.411554,118.029783,28.5,0.11,0,15.0c,5,0.82,410,574
575SAT32,2012-02-03,03:41:31 AM,2012-02-02,07:41:31 PM,5.411654,118.02197,27.5,0.14,0,101.5,0,5.51,866,575
576SAT32,2012-02-03,07:41:05 AM,2012-02-02,11:41:05 PM,5.412073,118.024657,27.5,0.04,0,20.8c,1,1.82,301,576
577SAT32,2012-02-03,11:41:35 AM,2012-02-03,03:41:35 AM,5.412474,118.022708,32,0.34,0,40.1c,5,3.56,221,577
578SAT32,2012-02-03,03:41:34 PM,2012-02-03,07:41:34 AM,5.411879,118.025967,32,0.46,0,35.7c,1,2.18,367,578
579SAT32,2012-02-03,07:40:34 PM,2012-02-03,11:40:34 AM,5.413692,118.033129,30.5,0.14,0,18.9c,5,0.86,819,579
580SAT32,2012-02-03,11:40:34 PM,2012-02-03,03:40:34 PM,5.411757,118.030064,28.5,0.1,0,11.9c,5,1.26,402,580
581SAT32,2012-02-04,03:40:34 AM,2012-02-03,07:40:34 PM,5.411634,118.027058,28.5,0.37,0,39.0c,3,2.09,333,581
582SAT32,2012-02-04,07:40:34 AM,2012-02-03,11:40:34 PM,5.411372,118.029033,27.5,0.09,0,12.0c,5,0.97,221,582
583SAT32,2012-02-04,11:40:34 AM,2012-02-04,03:40:34 AM,5.414284,118.028344,29.5,0.43,0,d6.2c,2,2.98,333,583
584SAT32,2012-02-04,03:40:34 PM,2012-02-04,07:40:34 AM,5.412128,118.030784,28.5,0.35,0,17.1c,3,0.94,362,584
585SAT32,2012-02-04,07:43:28 PM,2012-02-04,11:43:28 AM,5.414837,118.032125,29.5,0.5,0,27.5c,4,1.5,336,585
586SAT32,2012-02-04,07:43:28 PM,2012-02-04,11:43:28 AM,5.414837,118.032125,29.5,0.5,0,27.5c,4,1.5,0,586
587SAT32,2012-02-04,07:43:28 PM,2012-02-04,11:43:28 AM,5.414837,118.032125,29.5,0.5,0,27.5c,5,1.5,0,587
588SAT32,2012-02-05,03:40:34 AM,2012-02-04,07:40:34 PM,5.401346,118.014113,27,0.4,0,25.8c,4,2.14,2498,588
589SAT32,2012-02-05,07:40:53 AM,2012-02-04,11:40:53 PM,5.400557,118.014322,27.5,0.89,0,8.2cd,5,6.52,91,589
590SAT32,2012-02-05,11:40:34 AM,2012-02-05,03:40:34 AM,5.40029,118.014909,31,0.51,0,12.1c,0,2.6,72,590
591SAT32,2012-02-05,03:40:59 PM,2012-02-05,07:40:59 AM,5.396466,118.014669,31,0.09,0,7.6cd,4,1.71,427,591
592SAT32,2012-02-05,07:40:59 PM,2012-02-05,11:40:59 AM,5.400849,118.020542,29,0.05,0,8.0cd,5,2.26,813,592
593SAT32,2012-02-05,11:40:34 PM,2012-02-05,03:40:34 PM,5.40274,118.024542,28,0.37,0,15.0c,5,2.32,491,593
594SAT32,2012-02-06,03:40:34 AM,2012-02-05,07:40:34 PM,5.403126,118.023026,27.5,1.38,0,15.3c,0,2.1,173,594
595SAT32,2012-02-06,07:41:06 AM,2012-02-05,11:41:06 PM,5.402465,118.022654,27.5,0.01,0,44.7c,0,8.52,84,595
596SAT32,2012-02-06,11:41:29 AM,2012-02-06,03:41:29 AM,5.402438,118.021543,32,0.01,0,25.2c,5,1.51,123,596
597SAT32,2012-02-06,03:40:34 PM,2012-02-06,07:40:34 AM,5.401918,118.023983,35,0.17,0,16.0c,5,1.32,276,597
598SAT32,2012-02-06,07:41:07 PM,2012-02-06,11:41:07 AM,5.402687,118.022747,29.5,2.14,0,8.1cd,5,3.3,162,598
599SAT32,2012-02-06,11:40:34 PM,2012-02-06,03:40:34 PM,5.403633,118.013339,28,0.28,0,19.4c,5,0.87,1048,599
600SAT32,2012-02-07,03:40:59 AM,2012-02-06,07:40:59 PM,5.402806,118.015037,27.5,0.11,0,d15.8,2,1.89,210,600
601SAT32,2012-02-07,07:40:34 AM,2012-02-06,11:40:34 PM,5.402086,118.014277,27,0.4,0,20.8c,0,2.18,116,601
602SAT32,2012-02-07,11:40:34 AM,2012-02-07,03:40:34 AM,5.401923,118.015911,29.5,0.4,0,d1.3c,0,3.25,182,602
603SAT32,2012-02-07,03:40:53 PM,2012-02-07,07:40:53 AM,5.399024,118.017585,31.5,0,0,40.7c,0,1.8,372,603
604SAT32,2012-02-07,07:41:05 PM,2012-02-07,11:41:05 AM,5.404511,118.025279,29.5,0.7,10,11.2c,4,1.04,1049,604
605SAT32,2012-02-07,11:40:34 PM,2012-02-07,03:40:34 PM,5.401818,118.022332,28.5,0.07,0,15.3c,5,1.06,443,605
606SAT32,2012-02-08,03:40:34 AM,2012-02-07,07:40:34 PM,5.400739,118.016479,28,0.5,0,14.9c,1,2.01,660,606
607SAT32,2012-02-08,07:41:00 AM,2012-02-07,11:41:00 PM,5.397337,118.015577,28,0.8,0,55.0c,2,3.01,392,607
608SAT32,2012-02-08,11:40:34 AM,2012-02-08,03:40:34 AM,5.397191,118.015672,30.5,0.4,0,7.8cd,0,4.66,19,608
609SAT32,2012-02-08,03:40:53 PM,2012-02-08,07:40:53 AM,5.396626,118.014845,31,0.3,0,26.3c,0,2.4,111,609
610SAT32,2012-02-08,07:40:34 PM,2012-02-08,11:40:34 AM,5.405946,118.014092,29,0.1,0,11.9c,5,1.2,1041,610
611SAT32,2012-02-08,11:41:35 PM,2012-02-08,03:41:35 PM,5.405789,117.996761,28.5,3.33,0,23.1c,5,4.76,1921,611
612SAT32,2012-02-09,03:40:34 AM,2012-02-08,07:40:34 PM,5.413107,117.987149,28,0.05,0,11.1c,0,0.8,1341,612
613SAT32,2012-02-09,11:41:05 AM,2012-02-09,03:41:05 AM,5.412645,117.9811,30.5,0.05,0,34.8c,2,1.57,672,613
614SAT32,2012-02-09,03:41:06 PM,2012-02-09,07:41:06 AM,5.41267,117.983822,33,0.85,0,21.3c,5,3.04,302,614
615SAT32,2012-02-09,07:40:34 PM,2012-02-09,11:40:34 AM,5.413124,117.987114,30.5,0.33,0,12.8c,4,0.92,368,615
616SAT32,2012-02-09,11:40:34 PM,2012-02-09,03:40:34 PM,5.412901,117.987799,29,0.33,0,24.4c,5,1.63,80,616
617SAT32,2012-02-10,03:40:34 AM,2012-02-09,07:40:34 PM,5.416289,117.98568,28,0.21,0,d0.8c,0,5.66,444,617
618SAT32,2012-02-10,07:42:35 AM,2012-02-09,11:42:35 PM,5.413868,117.983362,28,1.51,0,30.1c,1,3.1,372,618
619SAT32,2012-02-10,11:40:35 AM,2012-02-10,03:40:35 AM,5.414558,117.984243,29.5,0.21,0,63.6c,1,3.46,124,619
620SAT32,2012-02-10,03:40:35 PM,2012-02-10,07:40:35 AM,5.412953,117.983664,33,0.21,0,17.1c,3,3.17,190,620
621SAT32,2012-02-10,07:40:59 PM,2012-02-10,11:40:59 AM,5.413032,117.987584,29,1.36,0,13.0c,5,4.47,435,621
622SAT32,2012-02-10,11:40:34 PM,2012-02-10,03:40:34 PM,5.413095,117.985416,28,0.21,0,14.3c,5,0.85,240,622
623SAT32,2012-02-11,03:40:34 AM,2012-02-10,07:40:34 PM,5.415311,117.985348,27.5,0.02,0,24.4c,0,3.48,247,623
624SAT32,2012-02-11,07:40:34 AM,2012-02-10,11:40:34 PM,5.413688,117.987436,27.5,0.12,0,0.7cd,0,2.34,294,624
625SAT32,2012-02-11,11:42:04 AM,2012-02-11,03:42:04 AM,5.411931,117.990691,30,1.26,0,8.0cd,0,1.7,410,625
626SAT32,2012-02-11,03:41:36 PM,2012-02-11,07:41:36 AM,5.410686,117.989318,29,0.12,0,23.6c,0,2.43,206,626
627SAT32,2012-02-11,07:40:34 PM,2012-02-11,11:40:34 AM,5.407838,117.986445,27.5,0.3,0,9.0cd,5,1.75,449,627
628SAT32,2012-02-11,11:43:24 PM,2012-02-11,03:43:24 PM,5.40344,117.985997,28,1.02,0,45.3c,5,5.39,492,628
629SAT32,2012-02-12,07:43:05 AM,2012-02-11,11:43:05 PM,5.40838,117.998918,28,0.23,0,d1.0c,0,1.75,1534,629
630SAT32,2012-02-12,11:40:59 AM,2012-02-12,03:40:59 AM,5.408231,117.998559,30,0.01,0,30.3c,3,1.39,43,630
631SAT32,2012-02-12,03:41:05 PM,2012-02-12,07:41:05 AM,5.405368,118.010856,30,0.38,0,28.4c,0,1.21,1400,631
632SAT32,2012-02-12,07:40:34 PM,2012-02-12,11:40:34 AM,5.406306,118.02544,29,4.78,0,14.3c,5,2.57,1620,632
633SAT32,2012-02-12,11:41:35 PM,2012-02-12,03:41:35 PM,5.397868,118.019305,28.5,1.93,0,21.4c,4,1.86,1160,633
634SAT32,2012-02-13,03:40:34 AM,2012-02-12,07:40:34 PM,5.395274,118.017759,28,0.23,0,11.2c,4,1.88,336,634
635SAT32,2012-02-13,07:40:34 AM,2012-02-12,11:40:34 PM,5.395127,118.023467,28,0.18,0,10.1c,5,1.36,633,635
636SAT32,2012-02-13,11:41:06 AM,2012-02-13,03:41:06 AM,5.394791,118.023708,30.5,0.48,0,31.1c,0,1.13,46,636
637SAT32,2012-02-13,03:41:31 PM,2012-02-13,07:41:31 AM,5.396288,118.02097,31.5,0.79,0,20.6c,1,2.63,346,637
638SAT32,2012-02-13,07:40:34 PM,2012-02-13,11:40:34 AM,5.396481,118.017071,29,0.34,0,4.3cd,0,1.57,433,638
639SAT32,2012-02-13,11:40:34 PM,2012-02-13,03:40:34 PM,5.394224,118.016214,29,0.18,0,21.4c,5,0.84,269,639
640SAT32,2012-02-14,03:40:34 AM,2012-02-13,07:40:34 PM,5.394353,118.016128,28.5,0.49,0,16.0c,1,0.95,17,640
641SAT32,2012-02-14,07:41:24 AM,2012-02-13,11:41:24 PM,5.398646,118.022285,28,1.48,0,11.8c,0,4.89,833,641
642SAT32,2012-02-14,11:41:04 AM,2012-02-14,03:41:04 AM,5.39568,118.025535,29,0.86,0,30.8c,0,1.37,489,642
643SAT32,2012-02-14,03:40:36 PM,2012-02-14,07:40:36 AM,5.394222,118.024554,29,0.62,0,10.6c,5,2.6,195,643
644SAT32,2012-02-14,07:41:23 PM,2012-02-14,11:41:23 AM,5.392483,118.023257,28.5,0.06,0,10.1c,2,1.77,241,644
645SAT32,2012-02-14,11:40:34 PM,2012-02-14,03:40:34 PM,5.394209,118.023778,28,0.07,0,10.6c,0,2.18,201,645
646SAT32,2012-02-15,03:40:34 AM,2012-02-14,07:40:34 PM,5.398247,118.019913,27.5,2.73,0,8.2cd,5,2.85,621,646
647SAT32,2012-02-15,07:41:36 AM,2012-02-14,11:41:36 PM,5.398245,118.029716,28,0.96,0,30.5c,0,2.23,1086,647
648SAT32,2012-02-15,11:41:53 AM,2012-02-15,03:41:53 AM,5.401433,118.03092,30,0.06,0,26.7c,2,1.31,379,648
649SAT32,2012-02-15,03:40:34 PM,2012-02-15,07:40:34 AM,5.39858,118.020811,33,1.01,0,21.8c,5,0.96,1165,649
650SAT32,2012-02-15,07:41:05 PM,2012-02-15,11:41:05 AM,5.39468,118.014644,30,0.43,0,18.0c,5,1.99,810,650
651SAT32,2012-02-15,11:40:59 PM,2012-02-15,03:40:59 PM,5.395469,118.017265,28.5,0.73,0,43.6c,0,7.27,303,651
652SAT32,2012-02-16,03:40:34 AM,2012-02-15,07:40:34 PM,5.396911,118.018372,28,0.13,0,21.5c,3,1.21,202,652
653SAT32,2012-02-16,07:41:05 AM,2012-02-15,11:41:05 PM,5.397761,118.026657,28.5,1.03,0,21.9c,2,2.52,923,653
654SAT32,2012-02-16,03:41:22 PM,2012-02-16,07:41:22 AM,5.407157,118.08122,33,0.68,0,1.1cd,2,1.45,6137,654
655SAT32,2012-02-16,07:40:34 PM,2012-02-16,11:40:34 AM,5.417928,118.089484,29.5,0.31,0,35.8c,0,1.44,1509,655
656SAT32,2012-02-16,11:40:34 PM,2012-02-16,03:40:34 PM,5.41769,118.091628,27,0.18,0,14.6c,5,1.07,239,656
657SAT32,2012-02-17,03:41:35 AM,2012-02-16,07:41:35 PM,5.422121,118.095461,28,0.25,0,d6.0c,0,2.35,651,657
658SAT32,2012-02-17,07:41:35 AM,2012-02-16,11:41:35 PM,5.422284,118.095525,27,0.35,0,9.7cd,0,2.22,19,658
659SAT32,2012-02-17,11:43:59 AM,2012-02-17,03:43:59 AM,5.431333,118.109096,30,2.1,0,30.1c,0,2.71,1810,659
660SAT32,2012-02-17,03:40:34 PM,2012-02-17,07:40:34 AM,5.432545,118.115167,32.5,0.25,0,32.5c,4,1.33,686,660
661SAT32,2012-02-17,07:41:54 PM,2012-02-17,11:41:54 AM,5.432228,118.115336,30,0.35,0,d16.8,4,2.11,40,661
662SAT32,2012-02-17,11:41:28 PM,2012-02-17,03:41:28 PM,5.433597,118.1133,29,1.95,0,40.3c,0,1.6,272,662
663SAT32,2012-02-18,03:41:28 AM,2012-02-17,07:41:28 PM,5.446968,118.094905,27,0.15,0,14.6c,5,1.47,2524,663
664SAT32,2012-02-18,07:43:35 AM,2012-02-17,11:43:35 PM,5.449192,118.099563,27.5,2.61,0,21.6c,2,1.85,573,664
665SAT32,2012-02-18,11:40:34 AM,2012-02-18,03:40:34 AM,5.44998,118.100706,29,0.41,0,16.9c,5,1.13,154,665
666SAT32,2012-02-18,03:41:29 PM,2012-02-18,07:41:29 AM,5.454454,118.109975,30.5,0.02,0,d14.4,5,1.79,1141,666
667SAT32,2012-02-18,11:41:59 PM,2012-02-18,03:41:59 PM,5.473126,118.135772,28.5,1.44,0,34.5c,2,2.36,3534,667
668SAT32,2012-02-19,03:41:06 AM,2012-02-18,07:41:06 PM,5.472202,118.136843,27.5,0.07,0,d4.5c,5,3.89,157,668
669SAT32,2012-02-19,07:40:52 AM,2012-02-18,11:40:52 PM,5.473808,118.139312,27.5,0.95,0,19.2c,5,2.29,327,669
670SAT32,2012-02-19,07:40:28 PM,2012-02-19,11:40:28 AM,5.453395,118.175834,29,0.15,0,14.2c,5,1.71,4641,670
671SAT32,2012-02-19,11:41:35 PM,2012-02-19,03:41:35 PM,5.455355,118.18347,28.5,1.79,0,16.5c,5,2.25,874,671
672SAT32,2012-02-20,03:40:34 AM,2012-02-19,07:40:34 PM,5.455528,118.184621,28,0.35,0,49.9c,4,1.27,129,672
673SAT32,2012-02-20,07:40:38 AM,2012-02-19,11:40:38 PM,5.454223,118.184598,27.5,0.28,0,9.5cd,5,3.4,145,673
674SAT32,2012-02-20,11:41:00 AM,2012-02-20,03:41:00 AM,5.455468,118.188049,31.5,0.51,0,d12.5,0,2.69,407,674
675SAT32,2012-02-20,03:42:31 PM,2012-02-20,07:42:31 AM,5.477422,118.197708,30.5,0.71,0,d18.5,0,3.1,2668,675
676SAT32,2012-02-20,07:40:34 PM,2012-02-20,11:40:34 AM,5.487898,118.200888,29,0.61,0,6.3cd,2,0.96,1218,676
677SAT32,2012-02-20,11:42:34 PM,2012-02-20,03:42:34 PM,5.496839,118.204205,28.5,1.17,0,1.8cd,5,4.11,1061,677
678SAT32,2012-02-21,03:40:53 AM,2012-02-20,07:40:53 PM,5.494671,118.201685,28.5,0.81,0,50.4c,5,1.89,369,678
679SAT32,2012-02-21,07:41:53 AM,2012-02-20,11:41:53 PM,5.478173,118.197978,28.5,3.24,0,6.0cd,5,2.78,1882,679
680SAT32,2012-02-21,11:41:29 AM,2012-02-21,03:41:29 AM,5.485174,118.199691,32,0.04,0,9.7cd,5,1.35,802,680
681SAT32,2012-02-21,03:40:34 PM,2012-02-21,07:40:34 AM,5.485425,118.199599,32.5,0.14,0,11.9c,5,1.25,30,681
682SAT32,2012-02-21,07:42:35 PM,2012-02-21,11:42:35 AM,5.493963,118.201455,29.5,1.25,42,14.7c,5,2.56,972,682
683SAT32,2012-02-21,11:40:34 PM,2012-02-21,03:40:34 PM,5.497031,118.202837,27.5,0.23,0,10.6c,5,0.95,374,683
684SAT32,2012-02-22,03:40:34 AM,2012-02-21,07:40:34 PM,5.49174,118.201331,27.5,0.16,0,8.4cd,5,0.93,612,684
685SAT32,2012-02-22,07:40:34 AM,2012-02-21,11:40:34 PM,5.475102,118.196934,27.5,0.37,0,17.2c,4,1.67,1915,685
686SAT32,2012-02-22,11:40:59 AM,2012-02-22,03:40:59 AM,5.477108,118.197207,31,1.31,0,30.3c,0,1.8,225,686
687SAT32,2012-02-22,03:40:36 PM,2012-02-22,07:40:36 AM,5.487936,118.200765,34,4.21,0,d4.7c,0,10.1,1268,687
688SAT32,2012-02-22,07:40:34 PM,2012-02-22,11:40:34 AM,5.497323,118.202669,29,0.91,0,14.9c,5,0.85,1066,688
689SAT32,2012-02-22,11:40:34 PM,2012-02-22,03:40:34 PM,5.497754,118.204067,28.5,0.21,0,30.4c,5,1.31,162,689
690SAT32,2012-02-23,03:40:34 AM,2012-02-22,07:40:34 PM,5.497318,118.202722,27.5,0.19,0,9.1cd,5,1.02,157,690
691SAT32,2012-02-23,11:41:05 AM,2012-02-23,03:41:05 AM,5.475551,118.195025,30.5,0.85,0,51.6c,5,2.75,2569,691
692SAT32,2012-02-23,03:40:34 PM,2012-02-23,07:40:34 AM,5.477999,118.19431,29.5,0.25,0,37.2c,3,1.25,284,692
693SAT32,2012-02-23,11:42:05 PM,2012-02-23,03:42:05 PM,5.496566,118.204287,27.5,2.41,0,21.7c,3,3.95,2344,693
694SAT32,2012-02-24,03:40:34 AM,2012-02-23,07:40:34 PM,5.500128,118.204194,27,0.63,0,8.6cd,5,1.06,397,694
695SAT32,2012-02-24,07:40:34 AM,2012-02-23,11:40:34 PM,5.500315,118.204325,27,0.33,0,11.2c,5,1.38,25,695
696SAT32,2012-02-24,11:41:04 AM,2012-02-24,03:41:04 AM,5.500957,118.201402,30.5,0.84,0,30.3c,1,2.3,332,696
697SAT32,2012-02-24,03:41:01 PM,2012-02-24,07:41:01 AM,5.500979,118.201667,30.5,0.44,0,37.6c,1,2.68,29,697
698SAT32,2012-02-24,07:40:53 PM,2012-02-24,11:40:53 AM,5.499678,118.203651,29,0.04,0,6.5cd,3,1.62,263,698
699SAT32,2012-02-24,11:40:34 PM,2012-02-24,03:40:34 PM,5.49856,118.202471,27.5,0.54,0,11.3c,5,0.91,181,699
700SAT32,2012-02-25,03:40:34 AM,2012-02-24,07:40:34 PM,5.498504,118.201954,26.5,0.15,0,12.4c,5,0.8,58,700
701SAT32,2012-02-25,07:40:34 AM,2012-02-24,11:40:34 PM,5.500726,118.200784,27,0.24,0,26.1c,2,1.68,279,701
702SAT32,2012-02-25,11:40:34 AM,2012-02-25,03:40:34 AM,5.500173,118.20047,30,0.14,0,21.2c,0,1.46,71,702
703SAT32,2012-02-25,03:40:34 PM,2012-02-25,07:40:34 AM,5.499288,118.201132,35,0.14,0,14.0c,5,0.87,123,703
704SAT32,2012-02-25,07:40:34 PM,2012-02-25,11:40:34 AM,5.49881,118.200899,28,0.34,0,10.7c,5,0.91,59,704
705SAT32,2012-02-25,11:40:34 PM,2012-02-25,03:40:34 PM,5.499202,118.200644,27.5,0.18,0,17.4c,5,1.04,52,705
706SAT32,2012-02-26,03:40:34 AM,2012-02-25,07:40:34 PM,5.499942,118.19976,28,0.19,0,19.8c,2,1.04,128,706
707SAT32,2012-02-26,07:40:34 AM,2012-02-25,11:40:34 PM,5.498985,118.201278,27.5,0.88,0,9.5cd,5,1.02,199,707
708SAT32,2012-02-26,11:40:34 AM,2012-02-26,03:40:34 AM,5.500095,118.200841,30.5,0.3,0,64.7c,1,1.8,133,708
709SAT32,2012-02-26,03:40:34 PM,2012-02-26,07:40:34 AM,5.497667,118.202072,32,0.1,0,15.9c,5,1.04,303,709
710SAT32,2012-02-26,07:40:34 PM,2012-02-26,11:40:34 AM,5.498684,118.200772,28,0.3,0,7.0cd,5,1.1,183,710
711SAT32,2012-02-26,11:40:34 PM,2012-02-26,03:40:34 PM,5.498211,118.202351,27.5,0.23,0,15.3c,5,0.78,183,711
712SAT32,2012-02-27,03:40:34 AM,2012-02-26,07:40:34 PM,5.500678,118.20457,27,0.04,0,13.6c,5,1.2,369,712
713SAT32,2012-02-27,07:40:34 AM,2012-02-26,11:40:34 PM,5.499413,118.204709,28,0.19,0,d4.3c,4,2.2,142,713
714SAT32,2012-02-27,11:40:34 AM,2012-02-27,03:40:34 AM,5.499422,118.204295,30.5,0.44,0,14.2c,5,2.09,46,714
715SAT32,2012-02-27,03:40:34 PM,2012-02-27,07:40:34 AM,5.500127,118.204984,28.5,0.75,0,23.4c,5,3.62,110,715
716SAT32,2012-02-27,07:40:35 PM,2012-02-27,11:40:35 AM,5.498845,118.203214,28,1.02,0,38.2c,2,3.62,243,716
717SAT32,2012-02-27,11:40:34 PM,2012-02-27,03:40:34 PM,5.497561,118.202339,27,0.21,0,22.5c,5,0.73,173,717
718SAT32,2012-02-28,03:40:34 AM,2012-02-27,07:40:34 PM,5.497513,118.202218,26.5,0.55,0,9.5cd,5,0.71,14,718
719SAT32,2012-02-28,07:41:05 AM,2012-02-27,11:41:05 PM,5.500452,118.202348,27,0.31,0,22.0c,4,1.26,327,719
720SAT32,2012-02-28,11:40:34 AM,2012-02-28,03:40:34 AM,5.481657,118.198337,30.5,0.54,0,38.1c,0,1.35,2139,720
721SAT32,2012-02-28,03:40:34 PM,2012-02-28,07:40:34 AM,5.484429,118.199048,34,0.31,0,12.4c,2,1.48,319,721
722SAT32,2012-02-28,07:40:34 PM,2012-02-28,11:40:34 AM,5.496915,118.201542,28,0.14,0,12.4c,5,0.92,1417,722
723SAT32,2012-02-28,11:40:34 PM,2012-02-28,03:40:34 PM,5.497514,118.20098,27.5,0.62,0,15.5c,5,1.26,91,723
724SAT32,2012-02-29,03:40:34 AM,2012-02-28,07:40:34 PM,5.496776,118.201671,26.5,0.12,0,3.3cd,3,0.83,112,724
725SAT32,2012-02-29,11:42:30 AM,2012-02-29,03:42:30 AM,5.481489,118.198088,31,0.44,0,19.0c,2,2.46,1747,725
726SAT32,2012-02-29,03:42:34 PM,2012-02-29,07:42:34 AM,5.490296,118.199798,32,0.04,0,32.4c,0,1.79,999,726
727SAT32,2012-02-29,07:40:34 PM,2012-02-29,11:40:34 AM,5.497928,118.200625,28.5,0.14,0,16.8c,5,0.86,854,727
728SAT32,2012-02-29,11:40:34 PM,2012-02-29,03:40:34 PM,5.498455,118.198977,27.5,0.12,0,21.2c,1,1.4,192,728
729SAT32,2012-03-01,03:40:35 AM,2012-02-29,07:40:35 PM,5.503138,118.199116,27.5,0.12,0,d5.6c,5,1.41,522,729
730SAT32,2012-03-01,11:42:00 AM,2012-03-01,03:42:00 AM,5.518136,118.210799,31,0.32,0,14.7c,0,2.1,2113,730
731SAT32,2012-03-01,03:40:34 PM,2012-03-01,07:40:34 AM,5.517834,118.212026,30,0.22,0,18.7c,0,1.55,140,731
732SAT32,2012-03-01,07:40:34 PM,2012-03-01,11:40:34 AM,5.521377,118.215674,29.5,0.64,0,14.7c,0,3.09,565,732
733SAT32,2012-03-01,11:41:05 PM,2012-03-01,03:41:05 PM,5.517658,118.21974,29,0.64,0,d13.1,0,2.66,612,733
734SAT32,2012-03-02,03:40:34 AM,2012-03-01,07:40:34 PM,5.517071,118.220561,28,0.14,0,25.1c,0,0.91,112,734
735SAT32,2012-03-02,07:40:34 AM,2012-03-01,11:40:34 PM,5.516669,118.220779,27.5,0.24,0,d9.9c,1,5.27,51,735
736SAT32,2012-03-02,11:40:34 AM,2012-03-02,03:40:34 AM,5.517596,118.221461,29.5,0.44,0,33.3c,3,2.67,128,736
737SAT32,2012-03-02,03:43:35 PM,2012-03-02,07:43:35 AM,5.515413,118.225731,33,0.02,0,8.8cd,0,1.53,532,737
738SAT32,2012-03-02,11:41:04 PM,2012-03-02,03:41:04 PM,5.497834,118.250469,28.5,0.62,0,6.7cd,0,2.72,3368,738
739SAT32,2012-03-03,03:43:30 AM,2012-03-02,07:43:30 PM,5.497337,118.259591,28,0.62,0,28.7c,1,1.92,1012,739
740SAT32,2012-03-03,07:40:54 AM,2012-03-02,11:40:54 PM,5.496451,118.265805,27.5,0.11,0,54.8c,1,4.23,696,740
741SAT32,2012-03-03,03:41:05 PM,2012-03-03,07:41:05 AM,5.491149,118.28681,33.5,0.34,0,27.5c,5,1.41,2401,741
742SAT32,2012-03-03,07:40:34 PM,2012-03-03,11:40:34 AM,5.484092,118.281739,-34,0.52,0,19.8c,5,1.02,966,742
743SAT32,2012-03-03,11:40:53 PM,2012-03-03,03:40:53 PM,5.488098,118.280248,29.5,0.84,0,10.8c,5,2.52,476,743
744SAT32,2012-03-04,03:40:55 AM,2012-03-03,07:40:55 PM,5.488758,118.281247,30,0.17,0,98.6c,0,1.84,133,744
745SAT32,2012-03-04,07:41:35 AM,2012-03-03,11:41:35 PM,5.48999,118.281146,29,0.07,0,16.8c,5,1.31,138,745
746SAT32,2012-03-04,11:41:29 AM,2012-03-04,03:41:29 AM,5.491915,118.278371,31.5,0.64,0,15.8c,2,2.7,375,746
747SAT32,2012-03-04,03:42:35 PM,2012-03-04,07:42:35 AM,5.5035,118.274753,29,0.14,0,9.4cd,0,2.06,1351,747
748SAT32,2012-03-04,07:41:59 PM,2012-03-04,11:41:59 AM,5.507239,118.273639,29.5,0.14,0,21.5c,0,1.35,434,748
749SAT32,2012-03-04,11:40:34 PM,2012-03-04,03:40:34 PM,5.507229,118.276543,28.5,0.04,0,15.9c,5,0.89,322,749
750SAT32,2012-03-05,03:40:59 AM,2012-03-04,07:40:59 PM,5.508367,118.276375,28.5,0.04,0,19.0c,5,1.74,128,750
751SAT32,2012-03-05,07:42:05 AM,2012-03-04,11:42:05 PM,5.508745,118.27492,28.5,1.2,0,14.5c,5,1.51,167,751
752SAT32,2012-03-05,11:42:05 AM,2012-03-05,03:42:05 AM,5.497443,118.273922,29,1.27,0,23.2c,5,1.87,1263,752
753SAT32,2012-03-05,03:40:34 PM,2012-03-05,07:40:34 AM,5.494127,118.276343,29,0.62,0,d21.5,2,3.48,456,753
754SAT32,2012-03-05,07:42:55 PM,2012-03-05,11:42:55 AM,5.486937,118.281015,29,0.27,0,27.9c,0,1.82,953,754
755SAT32,2012-03-05,11:41:53 PM,2012-03-05,03:41:53 PM,5.487366,118.28758,29,1.67,0,38.0c,3,5.34,729,755
756SAT32,2012-03-06,03:40:34 AM,2012-03-05,07:40:34 PM,5.495714,118.285425,28,0.36,0,36.8c,0,1.15,959,756
757SAT32,2012-03-06,07:40:34 AM,2012-03-05,11:40:34 PM,5.496,118.285381,28,0.32,0,31.0c,5,1.22,32,757
758SAT32,2012-03-06,11:40:58 AM,2012-03-06,03:40:58 AM,5.509742,118.306005,29.5,0.25,0,63.2c,0,1.69,2750,758
759SAT32,2012-03-06,03:40:35 PM,2012-03-06,07:40:35 AM,5.512607,118.309175,29,0.35,0,44.0c,0,5.36,474,759
760SAT32,2012-03-06,07:40:56 PM,2012-03-06,11:40:56 AM,5.51436,118.31248,29,0.78,0,56.7c,0,11.8,415,760
761SAT32,2012-03-06,11:40:34 PM,2012-03-06,03:40:34 PM,5.521187,118.313971,28.5,0.35,0,32.3c,0,1.44,778,761
762SAT32,2012-03-07,03:40:35 AM,2012-03-06,07:40:35 PM,5.521094,118.313838,28.5,0.47,0,42.0c,5,1.54,18,762
763SAT32,2012-03-07,07:42:35 AM,2012-03-06,11:42:35 PM,5.523307,118.314911,28.5,0.14,0,44.3c,5,1.27,274,763
764SAT32,2012-03-07,11:42:35 AM,2012-03-07,03:42:35 AM,5.525133,118.317315,30,0.05,0,35.9c,5,1.71,335,764
765SAT32,2012-03-07,07:40:34 PM,2012-03-07,11:40:34 AM,5.557366,118.332902,29,0.45,0,14.8c,1,1.8,3982,765
766SAT32,2012-03-07,11:40:34 PM,2012-03-07,03:40:34 PM,5.558664,118.331661,28,0.65,0,11.4c,5,1.21,199,766
767SAT32,2012-03-08,03:40:34 AM,2012-03-07,07:40:34 PM,5.55732,118.333718,27.5,0.52,0,7.8cd,5,1.1,273,767
768SAT32,2012-03-08,11:40:34 AM,2012-03-08,03:40:34 AM,5.558666,118.323321,29.5,0.36,0,d3.7c,0,3.13,1162,768
769SAT32,2012-03-08,03:41:58 PM,2012-03-08,07:41:58 AM,5.554473,118.323483,30.5,0.31,0,11.6c,5,1.57,467,769
770SAT32,2012-03-08,07:40:34 PM,2012-03-08,11:40:34 AM,5.554429,118.324071,29.5,0.41,0,10.2c,5,0.87,65,770
771SAT32,2012-03-08,11:41:35 PM,2012-03-08,03:41:35 PM,5.551224,118.318872,28.5,0.19,0,4.2cd,0,2.42,678,771
772SAT32,2012-03-09,03:41:37 AM,2012-03-08,07:41:37 PM,5.548892,118.31191,28,0.33,0,21.8c,3,1.93,814,772
773SAT32,2012-03-09,07:41:34 AM,2012-03-08,11:41:34 PM,5.551404,118.309672,27.5,0.08,0,31.6c,5,1.22,374,773
774SAT32,2012-03-09,11:41:35 AM,2012-03-09,03:41:35 AM,5.547138,118.308478,30.5,0.86,0,40.8c,0,3.07,493,774
775SAT32,2012-03-09,03:41:07 PM,2012-03-09,07:41:07 AM,5.541962,118.304636,31,0.73,0,36.2c,0,5.13,716,775
776SAT32,2012-03-09,07:40:34 PM,2012-03-09,11:40:34 AM,5.534846,118.290228,29,0.86,0,16.0c,5,0.99,1782,776
777SAT32,2012-03-09,11:40:34 PM,2012-03-09,03:40:34 PM,5.539572,118.297747,28,1.92,0,14.2c,5,1.3,985,777
778SAT32,2012-03-10,03:40:59 AM,2012-03-09,07:40:59 PM,5.541809,118.303519,28.5,2.06,0,42.7c,2,1.27,686,778
779SAT32,2012-03-10,07:40:53 AM,2012-03-09,11:40:53 PM,5.541884,118.305263,28,0.56,0,12.0c,1,1.86,194,779
780SAT32,2012-03-10,11:40:53 AM,2012-03-10,03:40:53 AM,5.544727,118.310038,29,0.16,0,8.5cd,3,1.58,617,780
781SAT32,2012-03-10,03:40:34 PM,2012-03-10,07:40:34 AM,5.545321,118.310824,35,0.21,0,12.0c,0,1.23,109,781
782SAT32,2012-03-10,07:40:34 PM,2012-03-10,11:40:34 AM,5.546169,118.311517,30,0.31,0,13.3c,5,0.9,122,782
783SAT32,2012-03-10,11:41:04 PM,2012-03-10,03:41:04 PM,5.550731,118.312128,29,0.01,0,39.7c,5,3.23,512,783
784SAT32,2012-03-11,03:42:05 AM,2012-03-10,07:42:05 PM,5.552493,118.31271,28.5,0.24,0,d23.8,5,1.51,207,784
785SAT32,2012-03-11,07:41:31 AM,2012-03-10,11:41:31 PM,5.553766,118.312887,28,0.64,0,34.8c,1,2.34,143,785
786SAT32,2012-03-11,11:40:34 AM,2012-03-11,03:40:34 AM,5.554955,118.312534,31,0.54,0,10.6c,2,4.09,138,786
787SAT32,2012-03-11,03:43:05 PM,2012-03-11,07:43:05 AM,5.55338,118.311048,31,0.13,0,5.6cd,5,2.2,240,787
788SAT32,2012-03-11,07:42:05 PM,2012-03-11,11:42:05 AM,5.550873,118.316625,30,0.32,0,10.4c,2,1.57,678,788
789SAT32,2012-03-11,11:41:31 PM,2012-03-11,03:41:31 PM,5.552928,118.318356,29.5,0.92,0,25.7c,0,2.86,298,789
790SAT32,2012-03-12,03:41:05 AM,2012-03-11,07:41:05 PM,5.555451,118.31961,28,0.02,0,49.4c,0,1.25,313,790
791SAT32,2012-03-12,07:41:01 AM,2012-03-11,11:41:01 PM,5.558755,118.31988,28,0.32,0,72.9c,5,2.57,369,791
792SAT32,2012-03-12,11:40:34 AM,2012-03-12,03:40:34 AM,5.559549,118.319777,33,0.19,0,7.9cd,0,3.16,89,792
793SAT32,2012-03-12,03:41:17 PM,2012-03-12,07:41:17 AM,5.559711,118.319582,30,1.89,0,6.7cd,4,10.1,28,793
794SAT32,2012-03-12,07:40:34 PM,2012-03-12,11:40:34 AM,5.560018,118.319004,28.5,0.09,0,18.1c,5,0.93,73,794
795SAT32,2012-03-12,11:40:34 PM,2012-03-12,03:40:34 PM,5.560162,118.318933,28,0.37,0,11.9c,5,1.26,18,795
796SAT32,2012-03-13,03:42:06 AM,2012-03-12,07:42:06 PM,5.563046,118.318415,28,1.05,0,37.7c,0,1.56,326,796
797SAT32,2012-03-13,07:40:59 AM,2012-03-12,11:40:59 PM,5.562031,118.319569,28,0.34,0,0.8cd,1,2.84,171,797
798SAT32,2012-03-13,11:40:59 AM,2012-03-13,03:40:59 AM,5.561262,118.319811,30.5,0.24,0,31.2c,4,1.63,90,798
799SAT32,2012-03-13,03:40:34 PM,2012-03-13,07:40:34 AM,5.560768,118.319308,32.5,0.45,0,13.9c,0,1.13,78,799
800SAT32,2012-03-13,07:40:35 PM,2012-03-13,11:40:35 AM,5.560835,118.319016,30.5,0.45,0,d4.5c,2,4.72,33,800
801SAT32,2012-03-13,11:43:29 PM,2012-03-13,03:43:29 PM,5.562087,118.32376,29,0.5,0,13.0c,1,2.23,544,801
802SAT32,2012-03-14,03:40:35 AM,2012-03-13,07:40:35 PM,5.565107,118.323656,28,0.2,0,12.5c,3,2.03,336,802
803SAT32,2012-03-14,07:42:08 AM,2012-03-13,11:42:08 PM,5.56515,118.323985,28,0.98,0,34.4c,5,1.49,37,803
804SAT32,2012-03-14,11:40:34 AM,2012-03-14,03:40:34 AM,5.56574,118.324465,33,0.1,0,17.6c,3,1.21,84,804
805SAT32,2012-03-14,03:42:11 PM,2012-03-14,07:42:11 AM,5.566599,118.324991,34.5,0.4,0,34.3c,5,4.33,112,805
806SAT32,2012-03-14,07:41:04 PM,2012-03-14,11:41:04 AM,5.580071,118.312767,29.5,0.55,0,12.7c,5,1.42,2021,806
807SAT32,2012-03-14,11:40:34 PM,2012-03-14,03:40:34 PM,5.580899,118.321793,27,0.35,0,15.4c,5,1.42,1004,807
808SAT32,2012-03-15,03:40:35 AM,2012-03-14,07:40:35 PM,5.585605,118.32754,27,0.73,0,3.8cd,1,1.82,825,808
809SAT32,2012-03-15,11:42:17 AM,2012-03-15,03:42:17 AM,5.568207,118.327815,30,0.56,0,37.9c,0,9.1,1937,809
810SAT32,2012-03-15,03:40:36 PM,2012-03-15,07:40:36 AM,5.560521,118.331468,29.5,1.66,0,30.6c,5,3.29,947,810
811SAT32,2012-03-15,07:40:34 PM,2012-03-15,11:40:34 AM,5.556797,118.339542,28,0.2,0,13.7c,5,0.95,986,811
812SAT32,2012-03-15,11:41:05 PM,2012-03-15,03:41:05 PM,5.55702,118.336967,28.5,0.12,0,31.6c,5,3.01,286,812
813SAT32,2012-03-16,03:41:07 AM,2012-03-15,07:41:07 PM,5.558137,118.336532,27.5,0.38,0,31.4c,0,1.76,133,813
814SAT32,2012-03-16,07:41:02 AM,2012-03-15,11:41:02 PM,5.559657,118.335282,27.5,0.18,0,d48.2,5,3.9,219,814
815SAT32,2012-03-16,11:41:31 AM,2012-03-16,03:41:31 AM,5.562181,118.335408,30.5,1.42,0,15.5c,3,8.37,281,815
816SAT32,2012-03-16,03:41:04 PM,2012-03-16,07:41:04 AM,5.557154,118.338803,32,0.42,0,17.4c,0,2.43,674,816
817SAT32,2012-03-16,07:40:58 PM,2012-03-16,11:40:58 AM,5.555708,118.338251,31,0.32,0,17.1c,4,3.58,172,817
818SAT32,2012-03-16,11:40:35 PM,2012-03-16,03:40:35 PM,5.557951,118.337081,29.5,0.41,0,85.1c,5,3.38,281,818
819SAT32,2012-03-17,03:40:34 AM,2012-03-16,07:40:34 PM,5.559265,118.336675,28.5,0.11,0,20.8c,0,1.16,153,819
820SAT32,2012-03-17,07:43:05 AM,2012-03-16,11:43:05 PM,5.5609,118.333854,28.5,0.31,0,37.8c,0,2.47,362,820
821SAT32,2012-03-17,11:41:22 AM,2012-03-17,03:41:22 AM,5.559939,118.323222,31,0.82,0,48.3c,0,2.62,1183,821
822SAT32,2012-03-17,03:42:25 PM,2012-03-17,07:42:25 AM,5.545254,118.305971,30,1.61,0,41.4c,0,12.9,2515,822
823SAT32,2012-03-17,07:41:59 PM,2012-03-17,11:41:59 AM,5.541256,118.311922,29.5,0.01,0,d8.8c,2,2.49,795,823
824SAT32,2012-03-17,11:40:53 PM,2012-03-17,03:40:53 PM,5.53965,118.312715,28.5,1.31,0,d11.0,0,7.91,199,824
825SAT32,2012-03-18,03:40:55 AM,2012-03-17,07:40:55 PM,5.539813,118.308071,28.5,0.11,0,72.4c,2,9.81,515,825
826SAT32,2012-03-18,11:42:36 AM,2012-03-18,03:42:36 AM,5.531163,118.299988,29.5,0.71,0,114.9,0,4.97,1315,826
827SAT32,2012-03-18,03:42:59 PM,2012-03-18,07:42:59 AM,5.53,118.300341,30.5,0.32,0,31.9c,0,2.25,135,827
828SAT32,2012-03-18,07:40:34 PM,2012-03-18,11:40:34 AM,5.518088,118.301963,29.5,0.41,0,17.5c,5,0.84,1338,828
829SAT32,2012-03-18,11:40:34 PM,2012-03-18,03:40:34 PM,5.51861,118.304668,28.5,0.2,0,26.2c,5,1.08,305,829
830SAT32,2012-03-19,03:40:34 AM,2012-03-18,07:40:34 PM,5.518235,118.304851,27.5,0.32,0,d3.5c,0,1.34,46,830
831SAT32,2012-03-19,07:40:35 AM,2012-03-18,11:40:35 PM,5.518083,118.3069,28,2.34,0,32.6c,0,2.97,228,831
832SAT32,2012-03-19,11:41:56 AM,2012-03-19,03:41:56 AM,5.517679,118.306521,31,1.62,0,17.2c,4,7.12,62,832
833SAT32,2012-03-19,03:41:04 PM,2012-03-19,07:41:04 AM,5.518637,118.304326,31.5,0.72,0,17.7c,0,1.22,266,833
834SAT32,2012-03-19,07:40:34 PM,2012-03-19,11:40:34 AM,5.519592,118.302865,29,0.72,0,12.9c,5,1.03,194,834
835SAT32,2012-03-19,11:40:34 PM,2012-03-19,03:40:34 PM,5.514757,118.30215,28,0.1,0,46.3c,0,2.76,544,835
836SAT32,2012-03-20,03:40:34 AM,2012-03-19,07:40:34 PM,5.514281,118.30344,27.5,1.1,0,29.3c,1,1.61,152,836
837SAT32,2012-03-20,07:40:34 AM,2012-03-19,11:40:34 PM,5.511737,118.303679,27.5,0.9,0,14.8c,5,1.42,284,837
838SAT32,2012-03-20,11:41:35 AM,2012-03-20,03:41:35 AM,5.503002,118.288921,30,0.09,0,2.7cd,0,1.31,1903,838
839SAT32,2012-03-20,03:40:34 PM,2012-03-20,07:40:34 AM,5.505841,118.289226,31.5,0.31,0,28.1c,0,1.91,318,839
840SAT32,2012-03-20,07:40:34 PM,2012-03-20,11:40:34 AM,5.502181,118.280203,30,0.71,0,19.4c,5,3.29,1080,840
841SAT32,2012-03-20,11:41:06 PM,2012-03-20,03:41:06 PM,5.500511,118.281267,29.5,0.41,0,d4.2c,0,15.9,220,841
842SAT32,2012-03-21,03:40:51 AM,2012-03-20,07:40:51 PM,5.498315,118.284293,28.5,0.79,0,20.0c,0,1.73,415,842
843SAT32,2012-03-21,07:40:53 AM,2012-03-20,11:40:53 PM,5.498357,118.287552,28,0.09,0,16.0c,0,2.53,361,843
844SAT32,2012-03-21,11:41:09 AM,2012-03-21,03:41:09 AM,5.500458,118.30018,30.5,0.85,0,35.1c,2,6.85,1419,844
845SAT32,2012-03-21,11:41:09 AM,2012-03-21,03:41:09 AM,5.500458,118.30018,30.5,0.89,0,35.1c,2,6.85,0,845
846SAT32,2012-03-21,03:42:59 PM,2012-03-21,07:42:59 AM,5.48485,118.30623,31,0.09,0,23.1c,3,1.84,1862,846
847SAT32,2012-03-21,07:41:54 PM,2012-03-21,11:41:54 AM,5.460246,118.294191,30,0.69,0,15.0c,2,2.25,3047,847
848SAT32,2012-03-21,11:40:34 PM,2012-03-21,03:40:34 PM,5.460276,118.291583,29,0.59,0,52.4c,0,2.13,289,848
849SAT32,2012-03-22,03:41:06 AM,2012-03-21,07:41:06 PM,5.461793,118.292622,28.5,0.59,0,19.1c,0,5.65,204,849
850SAT32,2012-03-22,07:41:36 AM,2012-03-21,11:41:36 PM,5.46222,118.289155,27.5,0.02,0,23.4c,0,1.81,387,850
851SAT32,2012-03-22,07:41:36 AM,2012-03-21,11:41:36 PM,5.46222,118.289155,27.5,0,0,23.4c,0,1.81,0,851
852SAT32,2012-03-22,11:41:23 AM,2012-03-22,03:41:23 AM,5.461887,118.28884,31,0.35,0,25.1c,0,2.97,51,852
853SAT32,2012-03-22,03:40:34 PM,2012-03-22,07:40:34 AM,5.456494,118.284287,32,0.85,0,13.9c,0,2.52,784,853
854SAT32,2012-03-22,07:41:30 PM,2012-03-22,11:41:30 AM,5.452737,118.28148,30.5,0.55,0,20.9c,4,5.67,521,854
855SAT32,2012-03-23,07:41:35 AM,2012-03-22,11:41:35 PM,5.461598,118.245359,27,0.32,0,42.2c,4,1.64,4122,855
856SAT32,2012-03-23,03:42:24 PM,2012-03-23,07:42:24 AM,5.470453,118.240433,31.5,1.29,0,40.5c,0,2.62,1127,856
857SAT32,2012-03-23,07:40:34 PM,2012-03-23,11:40:34 AM,5.471834,118.238836,30.5,0.09,0,15.4c,5,1.02,234,857
858SAT32,2012-03-23,11:40:34 PM,2012-03-23,03:40:34 PM,5.472065,118.238917,27.5,0.28,0,21.1c,5,0.9,27,858
859SAT32,2012-03-24,03:41:35 AM,2012-03-23,07:41:35 PM,5.479649,118.244855,27,0.93,0,9.0cd,0,1.96,1070,859
860SAT32,2012-03-24,07:42:08 AM,2012-03-23,11:42:08 PM,5.479197,118.246625,27,1.15,0,10.7c,1,4.58,203,860
861SAT32,2012-03-24,11:41:31 AM,2012-03-24,03:41:31 AM,5.480225,118.247527,29,2.35,0,24.1c,0,5.13,152,861
862SAT32,2012-03-24,03:41:05 PM,2012-03-24,07:41:05 AM,5.480182,118.248029,30,1.23,0,16.3c,0,1.74,56,862
863SAT32,2012-03-24,07:41:29 PM,2012-03-24,11:41:29 AM,5.479923,118.24345,29,0.27,0,d2.3c,2,4.79,508,863
864SAT32,2012-03-24,11:40:34 PM,2012-03-24,03:40:34 PM,5.484522,118.227165,27.5,0.66,0,55.0c,1,2.39,1876,864
865SAT32,2012-03-25,03:41:59 AM,2012-03-24,07:41:59 PM,5.485328,118.227199,28,1.53,0,12.9c,0,3.95,90,865
866SAT32,2012-03-25,07:41:39 AM,2012-03-24,11:41:39 PM,5.482414,118.223995,27.5,0.53,0,10.6c,0,4.24,481,866
867SAT32,2012-03-25,11:40:34 AM,2012-03-25,03:40:34 AM,5.480529,118.220847,31,1.03,0,21.8c,0,2.1,407,867
868SAT32,2012-03-25,03:40:34 PM,2012-03-25,07:40:34 AM,5.480073,118.220683,32.5,0.93,0,19.0c,0,1.64,54,868
869SAT32,2012-03-25,07:40:34 PM,2012-03-25,11:40:34 AM,5.476296,118.215746,29.5,1.13,0,14.1c,5,0.82,690,869
870SAT32,2012-03-25,11:40:59 PM,2012-03-25,03:40:59 PM,5.476149,118.215929,26,0.18,0,43.5c,3,3.63,26,870
871SAT32,2012-03-26,03:40:34 AM,2012-03-25,07:40:34 PM,5.476438,118.217305,25.5,2.18,0,16.2c,0,4.03,156,871
872SAT32,2012-03-26,07:40:34 AM,2012-03-25,11:40:34 PM,5.476876,118.217753,25.5,1.39,0,48.5c,5,2.78,70,872
873SAT32,2012-03-26,11:41:05 AM,2012-03-26,03:41:05 AM,5.47567,118.218166,29.5,0.02,0,12.7c,2,1.94,142,873
874SAT32,2012-03-26,03:41:52 PM,2012-03-26,07:41:52 AM,5.477032,118.216708,31,0.32,0,9.8cd,5,1.55,222,874
875SAT32,2012-03-26,07:40:34 PM,2012-03-26,11:40:34 AM,5.476464,118.216007,30,0.28,0,14.1c,5,1,100,875
876SAT32,2012-03-26,11:40:34 PM,2012-03-26,03:40:34 PM,5.474138,118.21931,27.5,0.15,0,17.9c,3,1.59,448,876
877SAT32,2012-03-27,03:43:40 AM,2012-03-26,07:43:40 PM,5.476807,118.220258,27,0.7,0,25.6c,2,3.45,315,877
878SAT32,2012-03-27,03:43:40 AM,2012-03-26,07:43:40 PM,5.476807,118.220258,27,0.7,0,25.6c,3,3.45,0,878
879SAT32,2012-03-27,03:43:40 AM,2012-03-26,07:43:40 PM,5.476807,118.220258,27,0.7,0,25.6c,2,3.45,0,879
880SAT32,2012-03-27,11:42:40 AM,2012-03-27,03:42:40 AM,5.480999,118.222652,30,2.77,0,38.8c,1,2.15,537,880
881SAT32,2012-03-27,11:42:34 PM,2012-03-27,03:42:34 PM,5.481637,118.219348,26.5,0.42,0,13.9c,0,1.29,373,881
882SAT32,2012-03-28,03:42:42 AM,2012-03-27,07:42:42 PM,5.48477,118.213676,27,2.07,0,d59.2,0,3.87,719,882
883SAT32,2012-03-28,07:43:01 PM,2012-03-28,11:43:01 AM,5.494949,118.207189,28.5,0.97,0,13.0c,0,4.89,1342,883
884SAT32,2012-03-28,11:40:52 PM,2012-03-28,03:40:52 PM,5.493792,118.204228,28,3.47,0,11.6c,0,3.75,352,884
885SAT32,2012-03-28,11:40:52 PM,2012-03-28,03:40:52 PM,5.493792,118.204228,28,3.4,0,11.6c,5,3.75,0,885
886SAT32,2012-03-29,07:41:05 PM,2012-03-29,11:41:05 AM,5.492468,118.203011,28.5,0.68,0,17.0c,0,6.83,200,886
887SAT32,2012-03-30,07:43:38 PM,2012-03-30,11:43:38 AM,5.484705,118.223337,30,1.36,0,23.6c,0,7.56,2412,887
888SAT32,2012-03-30,11:40:35 PM,2012-03-30,03:40:35 PM,5.485105,118.223764,29,1.17,0,18.7c,1,2.9,65,888
889SAT32,2012-03-31,03:44:06 AM,2012-03-30,07:44:06 PM,5.484778,118.223427,29,0.37,0,8.0cd,5,2.71,52,889
890SAT32,2012-04-04,11:42:33 PM,2012-04-04,03:42:33 PM,5.464197,118.139266,28,0.44,0,26.3c,2,3.91,9603,890
891SAT32,2012-04-08,07:43:37 AM,2012-04-07,11:43:37 PM,5.461732,118.185191,26.5,0.2,0,21.3c,3,4.64,5097,891
892SAT32,2012-04-09,11:41:52 PM,2012-04-09,03:41:52 PM,5.470585,118.194691,28.5,0.92,0,34.8c,0,2.6,1442,892
893SAT32,2012-04-10,03:44:04 AM,2012-04-09,07:44:04 PM,5.469496,118.194331,29,0.02,0,14.8c,0,2.53,128,893
894SAT32,2012-04-10,07:41:36 AM,2012-04-09,11:41:36 PM,5.469244,118.194533,28.5,0.42,0,10.9c,0,2.98,36,894
895SAT32,2012-04-10,11:40:34 PM,2012-04-10,03:40:34 PM,5.496012,118.201825,29,0.42,0,8.8cd,0,2.16,3087,895
896SAT32,2012-04-11,07:40:28 PM,2012-04-11,11:40:28 AM,5.461507,118.199181,28,0.32,0,19.7c,3,1.62,3852,896
897SAT32,2012-04-19,11:40:35 PM,2012-04-19,03:40:35 PM,5.504244,118.265078,25.5,0.16,0,21.8c,1,1.95,8715,897
898SAT32,2012-04-20,03:40:34 AM,2012-04-19,07:40:34 PM,5.504238,118.265142,24.5,0.66,0,35.5c,0,1.21,7,898
899SAT32,2012-04-20,07:40:34 AM,2012-04-19,11:40:34 PM,5.504228,118.265075,24.5,0.76,0,6.3cd,3,1.85,7,899
